41 East 11th Street	New York	NY
95 Morton Street	New York	NY
325 East 14th Street	New York	NY
3 Greenwich Ave	New York	NY
166 William Street	New York	NY
118 Mercer Street	New York	NY
205 West 50th Street	New York	NY
1751 2nd Avenue	New York	NY
161 West 54th Street	New York	NY
409 Grand Street	New York	NY
131 Rivington St.	New York	NY
502 Henry Street	Brooklyn	NY
227 Smith St	Brooklyn	NY
533 9th Avenue	New York	NY
1268 2nd Avenue	New York	NY
203 1st Ave	New York	NY
666 5th Avenue	New York	NY
16 Pell Street	New York	NY
225 Park Row	New York	NY
411 Park Avenue South	New York	NY
15 John Street	New York	NY
93 2nd Avenue	New York	NY
47 E Houston St	New York	NY
4279 Webster Avenue	Bronx	NY
144 East 7th St	New York	NY
106 Court Street	Brooklyn	NY
267 7th Avenue	Brooklyn	NY
2740 Barnes Avenue	Bronx	NY
610 E. 186th Street	Bronx	NY
310 East Kingsbridge Road	Bronx	NY
155 East 173rd Street	Bronx	NY
78 West 168th Street	Bronx	NY
910 Morris Avenue	Bronx	NY
985 Morris Park Avenue	Bronx	NY
610 East 169th Street	Bronx	NY
285 East 205th Street	Bronx	NY
321 East 140th Street	Bronx	NY
1985 Westchester Avenue	Bronx	NY
1701 Martin Luther King Jr Blvd	Bronx	NY
1866 Washington Avenue	Bronx	NY
761 East 160th Street	Bronx	NY
742 10th Avenue	New York	NY
40 Lincoln Center Plaza	New York	NY
312 Beach 54 Street	Arverne	NY
25-55 Francis Lewis Boulevard	Flushing	NY
117-11 Sutphin Boulevard	Jamaica	NY
18-36 Bell Boulevard	Bayside	NY
214-20 Northern Boulevard	Bayside	NY
250-06 Hillside Avenue	Bellerose	NY
85-12 Main Street	Briarwood	NY
16-26 Cross Bay Boulevard	Broad Channel	NY
218-13 Linden Boulevard	Cambria Heights	NY
249-01 Northern Boulevard	Little Neck	NY
196-36 Northern Boulevard	Flushing	NY
86-01 Broadway	Elmhurst	NY
1637 Central Avenue	Far Rockaway	NY
41-17 Main Street	Flushing	NY
108-19 71 Avenue	Forest Hills	NY
193-20 Horace Harding Expressway	Fresh Meadows	NY
78-60 73 Place	Glendale	NY
187-05 Union Turnpike	Flushing	NY
202-05 Hillside Avenue	Hollis	NY
92-06 156 Avenue	Howard Beach	NY
72-33 Vleigh Place	Flushing	NY
134-26 225 Street	Laurelton	NY
103-34 Lefferts Boulevard	Richmond Hill	NY
98-30 57 Avenue	Corona	NY
69-70 Grand Avenue	Maspeth	NY
155-06 Roosevelt Avenue	Flushing	NY
72-31 Metropolitan Avenue	Middle Village	NY
29-42 Union Street	Flushing	NY
98-27 Metropolitan Avenue	Forest Hills	NY
57-04 Marathon Parkway	Little Neck	NY
1 Penn Plaza	New York	NY
370 7th Avenue	New York	NY
450 W. 33rd Street	New York	NY
424 Park Avenue South	New York	NY
261 Fifth Avenue	New York	NY
395 Third Avenue	New York	NY
776 Avenue of the Americas	New York	NY
2855 Broadway	New York	NY
750 6th Avenue	New York	NY
304 Park Avenue South	New York	NY
2929 Broadway	New York	NY
300 W 23rd St	New York	NY
296-300 Third Avenue	New York	NY
684 Avenue of the Americas	New York	NY
177 Eighth Avenue	New York	NY
41 Union Square West	New York	NY
77-83 West 125th Street	New York	NY
124 Eighth Avenue	New York	NY
286A First Avenue	New York	NY
169 Tillary St	Brooklyn	NY
208 Varick Street	New York	NY
LaGuardia	Flushing	NY
JFK	Jamaica	NY
599 E Tremont Ave	Bronx	NY
2505 Southern Blvd	Bronx	NY
372 E Fordham Rd	Bronx	NY
36 W Fordham Rd	Bronx	NY
875 Garrison Ave	Bronx	NY
701 Utica Ave	Brooklyn	NY
5707-13 Church Ave	Brooklyn	NY
2797 Linden Blvd	Brooklyn	NY
1133 Eastern Parkway	Brooklyn	NY
Atlantic Terminal	Brooklyn	NY
3525 Fort Hamilton Parkway	Brooklyn	NY
1656 Utica Ave	Brooklyn	NY
2240-50 Flatbush Ave.	Brooklyn	NY
2028 Rockaway Parkway	Brooklyn	NY
136-61 Roosevelt Ave	Flushing	NY
166-01 Baisley Boulevard	Jamaica	NY
33-80 Queens Blvd	Long Island City	NY
69-35 Grand Ave	Maspeth	NY
451 Lexington Avenue	New York	NY
966 1st Avenue	New York	NY
3794 Broadway	New York	NY
1815 Forest Ave	Staten Island	NY
133 Greene Street	New York	NY
264 West 35th Street	New York	NY
92-24 Rockaway Boulevard	Ozone Park	NY
92-25 Rockaway Beach Boulevard	Rockaway Beach	NY
158-21 Jewel Avenue	Flushing	NY
121-23 14 Avenue	College Point	NY
94-11 217 Street	Queens Village	NY
60-05 Main Street	Flushing	NY
91-41 63 Drive	Rego Park	NY
118-14 Hillside Avenue	Richmond Hill	NY
20-12 Madison Street	Ridgewood	NY
169-09 137 Avenue	Jamaica	NY
144-20 243 Street	Rosedale	NY
116-15 Rockaway Beach Boulevard	Rockaway Park	NY
204-01 Hollis Avenue	South Hollis	NY
216-07 LINDEN BLVD	Cambria Heights	NY
32-55 31ST STREET	Long Island City	NY
22 50 31ST ST	Astoria	NY
31-46 21ST ST	Long Island City	NY
101-102 Queens Boulevard	Elmhurst	NY
51-06 Northern Blvd	Woodside	NY
31-44 Steinway Street	Astoria	NY
3711 35th Avenue	Astoria	NY
7000 Austin Street	Forest Hills	NY
8989 Union Turnpike	Glendale	NY
107-12 Continental Avenue	Flushing	NY
22-04 31st Avenue	Astoria	NY
41-02 Main Street	Flushing	NY
803 Forest Ave	Staten Island	NY
3267 Richmond Ave	Staten Island	NY
501 Bay St	Staten Island	NY
2795 Richmond Ave	Staten Island	NY
2505 Richmond Avenue	Staten Island	NY
2530 Hylan Boulevard	Staten Island	NY
2070 Victory Blvd	Staten Island	NY
150 L Greaves Lane	Staten Island	NY
1652 Richmond Ave	Staten Island	NY
1351 Forest Ave	Staten Island	NY
11 Broadway	New York	NY
17 State Street	New York	NY
159 West 25th Street	New York	NY
1466 Broadway	New York	NY
7 West 31St Street	New York	NY
875 3rd Avenue	New York	NY
Broadway & Prince	New York	NY
4 West 49th Street	New York	NY
25 Union Square	New York	NY
217 E 43rd St	New York	NY
216 West 76th Street	New York	NY
80 Lafayette Street	New York	NY
West 57th Street & 9th Avenue	New York	NY
786 9th Avenue	New York	NY
473 Amsterdam Avenue	New York	NY
1625 Broadway	New York	NY
11 E 55th Street	New York	NY
10 Columbus Circle	New York	NY
461 Park Avenue South	New York	NY
550 Second Avenue	New York	NY
100 Broadway	New York	NY
680 Fifth Avenue	New York	NY
62 W 39th Street	New York	NY
4710 Broadway	New York	NY
1450 Broadway	New York	NY
545 Broadway	New York	NY
49 Broadway	New York	NY
88 West 3rd Street	New York	NY
250 West 49th Street	New York	NY
50 Trinity Place	New York	NY
111 Worth Street	New York	NY
10 Columbus Circle	New York	NY
94 Fulton Street	New York	NY
375 Lexington Ave	New York	NY
270 Park Avenue South	New York	NY
350 5th Ave	New York	NY
1122 Lexington Avenue	New York	NY
1122 Lexington Avenue	New York	NY
221 West 72nd Street	New York	NY
221 West 72nd Street	New York	NY
240 Central Park South	New York	NY
240 Central Park South	New York	NY
233 West 54th Street	New York	NY
233 West 54th Street	New York	NY
641 Lexington Avenue	New York	NY
641 Lexington Avenue	New York	NY
153 East 53rd Street	New York	NY
153 East 53rd Street	New York	NY
650 Avenue of the Americas	New York	NY
650 Avenue of the Americas	New York	NY
16 East 52nd Street	New York	NY
16 East 52nd Street	New York	NY
1211 Avenue Of Americas	New York	NY
1211 Avenue Of Americas	New York	NY
257 Park Avenue South	New York	NY
257 Park Avenue South	New York	NY
747 3rd Ave	New York	NY
747 3rd Ave	New York	NY
71 Vanderbilt Street	New York	NY
71 Vanderbilt Street	New York	NY
305 East 46th Street	New York	NY
305 East 46th Street	New York	NY
60 West 40th Street	New York	NY
60 West 40th Street	New York	NY
600 3rd Avenue	New York	NY
600 3rd Avenue	New York	NY
245 Seventh Avenue	New York	NY
245 Seventh Avenue	New York	NY
500 7th Avenue	New York	NY
500 7th Avenue	New York	NY
191 Madison Avenue	New York	NY
191 Madison Avenue	New York	NY
350 Fifth Avenue	New York	NY
350 Fifth Avenue	New York	NY
250 East Houston Street	New York	NY
250 East Houston Street	New York	NY
105 Duane Street	New York	NY
105 Duane Street	New York	NY
100 Wall Street	New York	NY
100 Wall Street	New York	NY
21 Astor Place	New York	NY
21 Astor Place	New York	NY
10 West 18th Street	New York	NY
833B 2nd Avenue	New York	NY
10 W. 18th Street	New York	NY
707 Lexington Ave	New York	NY
42nd St & Park Ave	New York	NY
54 Canal Street	New York	NY
377 5th Ave	New York	NY
Columbus Circle	New York	NY
307 W Broadway	New York	NY
17 John Street	New York	NY
36 W 106th Street	New York	NY
140 East 57th Street	New York	NY
9 Maiden Lane	New York	NY
49 1/2 First Ave	New York	NY
116 Avenue C	New York	NY
400 Broome Street	New York	NY
1024 2nd Avenue	New York	NY
489 Columbus Ave	New York	NY
1250 Broadway	New York	NY
41 E. 30th St.	New York	NY
1173 Second Ave	New York	NY
1173 Second Ave	New York	NY
317 Broadway	New York	NY
160 Broadway	New York	NY
26 Bowery	New York	NY
262 Canal St	New York	NY
167 Chambers Street	New York	NY
6 Water Street	New York	NY
213 Madison Street	New York	NY
114 Delancey St	New York	NY
136 W 3rd St	New York	NY
724 Broadway	New York	NY
102-106 1st Ave	New York	NY
27 3rd Avenue	New York	NY
405 6th Ave	New York	NY
541 6th Avenue	New York	NY
154 West 14th Street	New York	NY
404 East 14th Street	New York	NY
39 Union Square West	New York	NY
686 6th Ave	New York	NY
336 East 23rd Street	New York	NY
809-811 6th Avenue	New York	NY
401 Park Avenue South	New York	NY
335 8th Avenue	New York	NY
108-41 Guy R. Brewer Boulevard	Jamaica	NY
128-16 Rockaway Boulevard	South Ozone Park	NY
191-05 Linden Boulevard	St. Albans	NY
43-06 Greenpoint Avenue	Long Island City	NY
151-10 14 Road	Whitestone	NY
1 Bay St	Staten Island	NY
300 Howard Avenue	Staten Island	NY
328 East 67th Street	New York	NY
203 West 115th Street	New York	NY
224 East 125th Street	New York	NY
174 East 110th Street	New York	NY
33 East Broadway	New York	NY
104 West 136th Street	New York	NY
535 West 179th Street	New York	NY
518 West 125th Street	New York	NY
415 East Houston Street	New York	NY
503 West 145th Street	New York	NY
9 West 124th Street	New York	NY
66 Leroy Street	New York	NY
4790 Broadway	New York	NY
425 Avenue of Americas	New York	NY
2650 Adam Clayton Powell Jr Blvd.	New York	NY
455 Fifth Avenue	New York	NY
9 Murray Street	New York	NY
135 2nd Avenue	New York	NY
524 Main Street	New York	NY
515 Malcolm X Boulevard	New York	NY
192 East Broadway	New York	NY
331 East 10th Street	New York	NY
1000 Saint Nicholas Avenue	New York	NY
Broadway	New York	NY
6th Avenue & 42nd Street	New York	NY
75 Ninth Avenue	New York	NY
corner Broadway and Murray Street	New York	NY
Avenue A & Avenue B 2nd & 10th Streets	New York	NY
Covers cafes around the corner of  MacDougal St &	New York	NY
26 Greene Street	New York	NY
South St. and State St.	New York	NY
corner Chambers St. and Greenwich St.	New York	NY
West Side Highway between Vessey St. and Liberty S	New York	NY
South Street and Fulton Street	New York	NY
500 E 9th St	New York	NY
45 8th Ave	New York	NY
531 East 5th Street	New York	NY
103 Prince St	New York	NY
90 Stanton Street	New York	NY
76 Chambers St	New York	NY
308 Bowery	New York	NY
474 6th Ave	New York	NY
1685 First Avenue	New York	NY
32 Watts Street	New York	NY
13 Cornelia Street	New York	NY
1626 Second Avenue	New York	NY
41 Avenue B	New York	NY
166 2nd Ave	New York	NY
177 Ludlow St.	New York	NY
114 MacDougal Street	New York	NY
28 Jane Street	New York	NY
3 Av & 9 St	New York	NY
228 Front Street	New York	NY
210 East Third St.	New York	NY
11 Broadway	New York	NY
202 Ninth Avenue	New York	NY
115 Greenwich Avenue	New York	NY
118 St. Mark's Place	New York	NY
115 E. 57th St.	New York	NY
525 West 42nd Street	New York	NY
1010 Sixth Avenue	New York	NY
1074 1st Ave	New York	NY
206 3rd Avenue	New York	NY
109 St. Marks Place	New York	NY
127 Macdougal St.	New York	NY
119 West 23rd St.	New York	NY
342 East 11th Street	New York	NY
1817 2nd Avenue	New York	NY
1280 Lexington Ave	New York	NY
240 East 86th Street	New York	NY
2289 Broadway	New York	NY
1972 Broadway	New York	NY
33 East 17th Street	New York	NY
160 E 54th Street	New York	NY
675 Avenue Of The Americas	New York	NY
555 5th Ave	New York	NY
4 Astor Place	New York	NY
2186 Broadway	New York	NY
60 East 56th Street	New York	NY
1633 Broadway	New York	NY
61 West 48th Street	New York	NY
257 Park Avenue	New York	NY
38 East 45th Street	New York	NY
685 3rd Avenue	New York	NY
498 7th Avenue	New York	NY
461 Park Avenue South	New York	NY
200 Vesey Street	New York	NY
55 Broad Street	New York	NY
841 Broadway	New York	NY
11 West 42nd Street	New York	NY
55 Water Street	New York	NY
4th Avenue & Broadway	New York	NY
	New York	NY
Madison Avenue and 23rd Street	New York	NY
92 Plymouth Street	Brooklyn	NY
767 5th Avenue	New York	NY
568 Broadway	New York	NY
1363 Franklin Avenue	Bronx	NY
910 DeKalb Avenue	Brooklyn	NY
600 West 169th Street	New York	NY
155 Water St	Brooklyn	NY
9814 4th Avenue	Brooklyn	NY
130 W 3rd St	New York	NY
408 8th Ave	New York	NY
23rd Street and East River Drive	New York	NY
2438 Jerome Ave	Bronx	NY
Stone Street	New York	NY
102 North End Avenue	New York	NY
514 W 176th Street	New York	NY
320 Park Avenue	New York	NY
897 Broadway	New York	NY
250 East 54th Street	New York	NY
1633 Broadway	New York	NY
420 Lexington Avenue	New York	NY
14 Wall Street	New York	NY
568 Broadway	New York	NY
103 Washington Street	New York	NY
410 West 24th St	New York	NY
304 Bowery St	New York	NY
7th Ave & West 32nd St	New Yor k	NY
901 6th Avenue	New York	NY
341 5th Avenue	New York	NY
480 3rd Avenue	New York	NY
429 7th Avenue	New York	NY
490 8th Ave	New York	NY
972 6th Ave	New York	NY
427 10th Avenue	New York	NY
556 7th Ave	New York	NY
280 Madison Ave	New York	NY
220 West 42nd Street	New York	NY
688 8th Avenue	New York	NY
79-50 Bell Boulevard	Bayside	NY
85-41 Forest Parkway	Woodhaven	NY
Terminal 5	Jamaica	NY
290 Baychester Ave	Bronx	NY
2245 Richmond Avenue	Staten Island	NY
23-80 Bell Blvd.	Bayside	NY
	New York	NY
60 Wall Street	New York	NY
4350 Katonah Ave.	Bronx	NY
107 Avenue D	New York	NY
161 East 106th Street	New York	NY
128 W 72 Street	New York	NY
11 East 1st St	New York	NY
53 East 8th Street	New York	NY
62nd Street near Amsterdam Avenue	New York	NY
Columbus Avenue between 62nd and 65th Streets	New York	NY
65th Street between Amsterdam Avenue and Columbus Avenue	New York	NY
111 Wadsworth Ave	New York	NY
404 W 54th Street	New York	NY
396 Avenue of the Americas	New York	NY
16 W. 8th Street	New York	NY
Terminal 3 near Gate 6	Jamaica	NY
Behind the Northwest ticket counter	Flushing	NY
Battery  Place & 1 Place	New York	NY
1101 E Tremont Ave	Bronx	NY
4174 White Plains Rd	Bronx	NY
513 E 138th St	Bronx	NY
2170 White Plains Rd	Bronx	NY
1201 E 233rd St	Bronx	NY
2357 Arthur Ave	Bronx	NY
1600 Boston Rd	Bronx	NY
3279 3rd Avenue	Bronx	NY
86 E 167th St	Bronx	NY
101 E 170th St	Bronx	NY
5765 Broadway	Bronx	NY
2065 Jerome Ave	Bronx	NY
1515 Williamsbridge Rd	Bronx	NY
1982 Westchester Ave	Bronx	NY
3440-42 Jerome Ave	Bronx	NY
982 Southern Blvd	Bronx	NY
1600 Bruckner Blvd	Bronx	NY
51-67 E 161st St	Bronx	NY
212 E 161st Street	Bronx	NY
597-99 Grand Concourse	Bronx	NY
1745 University Ave	Bronx	NY
2630 Jerome Ave	Bronx	NY
85 Bruckner Blvd	Bronx	NY
1317 Castlehill Avenue	Bronx	NY
1212 E Gun Hill Road	Bronx	NY
300 E 204th St	Bronx	NY
2516 White Plains Rd	Bronx	NY
1865 Bruckner Blvd	Bronx	NY
1385 Metropolitan Avenue	Bronx	NY
50 W. 225th Street	Bronx	NY
2883 3rd Ave	Bronx	NY
314 East Fordham Road	Bronx	NY
318a East 149th St	Bronx	NY
2937 Broadway	New York	NY
50 Jamaica Ave	Brooklyn	NY
5121 5th Ave	Brooklyn	NY
275-81 Fourth Ave	Brooklyn	NY
1983 86th St	Brooklyn	NY
741 Grand St	Brooklyn	NY
1883 Atlantic Avenue	Brooklyn	NY
35-40 Nostrand Ave	Brooklyn	NY
2154 Nostrand Ave	Brooklyn	NY
2411 86th St	Brooklyn	NY
968 4th Ave	Brooklyn	NY
943 Flatbush Avenue	Brooklyn	NY
1607 Kings Highway	Brooklyn	NY
819 Pennsylvania Ave	Brooklyn	NY
289 9th St	Brooklyn	NY
700 Broadway	Brooklyn	NY
2800 Atlantic Ave	Brooklyn	NY
606 Neptune Ave	Brooklyn	NY
1531 Fulton Street	Brooklyn	NY
57 Empire Blvd	Brooklyn	NY
430 86th St.	Brooklyn	NY
880 Coney Island Ave	Brooklyn	NY
7602 Flatlands Avenue	Brooklyn	NY
2848 Church Avenue	Brooklyn	NY
7124 3rd Ave.	Brooklyn	NY
428 Knickerbocker Ave	Brooklyn	NY
267 Broadway	Brooklyn	NY
5407 Kings Plz	Brooklyn	NY
1101 Rutland Avenue	Brooklyn	NY
652 Meeker Ave	Brooklyn	NY
193 Smith Street	Brooklyn	NY
57 7th Avenue	Brooklyn	NY
249 5th Avenue	Brooklyn	NY
220 Cadman Plaza West	Brooklyn	NY
7025 3rd Ave	Brooklyn	NY
328 7th Ave	Brooklyn	NY
518 Metropolitan Ave	Brooklyn	NY
6423 18th Avenue	Brooklyn	NY
7419 3rd Avenue	Brooklyn	NY
9202 Third Avenue	Brooklyn	NY
607 Brighton Beach Av	Brooklyn	NY
167 Court Street	Brooklyn	NY
50 Court Street	Brooklyn	NY
33 Hillel Place	Brooklyn	NY
164 7th Avenue	Brooklyn	NY
218 Bedford Avenue	Brooklyn	NY
700 Grand Street	Brooklyn	NY
43 Underill Ave.	Brooklyn	NY
1752 Bath Ave.	Brooklyn	NY
106-15 71ST AVE	Forest Hills	NY
98-01 METROPOLITAN AVE	Forest Hills	NY
72-69 KISSENA BLVD	Flushing	NY
87-88 PARSON BLVD	Jamaica	NY
159-01 JAMAICA AVENUE	Jamaica	NY
95-05A 63RD DR	Rego Park	NY
91-19 QUEEN BLVD	Elmhurst	NY
95-05 57TH AVE	Corona	NY
119-05 LIBERTY AVE	Richmond Hills	NY
40-12 NATIONAL ST	Corona	NY
181-25 HILLSIDE AVENUE	Jamaica	NY
80-03 QUEENS BLVD	Elmhurst	NY
114-01 SUTPHIN BLVD	Jamaica	NY
37-59 82ND ST	Jackson Heights	NY
75-11 ROOSEVELT AVE	Jackson Heights	NY
37-19 JUNCTION BLVD	Corona	NY
155-14 ROOSEVELT AVE	Flushing	NY
54-29 METROPOLITAN AVE	Ridgewood	NY
59-60 55TH ROAD	Maspeth	NY
3001 STRATTON ST	Flushing	NY
203-11 NORTHERN BLVD	Bayside	NY
88-05 ASTORIA BLVD	E Elmhurst	NY
159-40 CROSS BAY BLVD	Howard Beach	NY
51-35 NORTHERN BLVD	Woodside	NY
54-04 MYRTLE AVE	Ridgewood	NY
45-06 GREENPOINT AVE	Sun	NY
88-14 SPRINGFIELD BLVD	Hillside	NY
31-67 STEINWAY ST	Astoria	NY
2049 Asch Loop North	Bronx	NY
947 Castle Hill Avenue	Bronx	NY
320 City Island Avenue	Bronx	NY
1215 Morrison Avenue	Bronx	NY
1385 East Gun Hill Road	Bronx	NY
1255 East 233rd Street	Bronx	NY
2150 University Avenue	Bronx	NY
877 Southern Boulevard	Bronx	NY
118 Eames Place	Bronx	NY
280 West 231st Street	Bronx	NY
3060 Middletown Road	Bronx	NY
5540 Mosholu Avenue	Bronx	NY
660 Soundview Avenue	Bronx	NY
650 W. 235th St.	Bronx	NY
3025 Cross Bronx Expressway Extension	Bronx	NY
3874 Sedgwick Avenue	Bronx	NY
2147 Barnes Avenue	Bronx	NY
4100 Lowerre Place	Bronx	NY
2085 Honeywell Avenue	Bronx	NY
2521 Glebe Avenue	Bronx	NY
4355 Katonah Avenue	Bronx	NY
1 Bruckner Blvd	Bronx	NY
450 Grand Concourse	Bronx	NY
203 Arlington Ave.	Brooklyn	NY
7223 Ridge Blvd.	Brooklyn	NY
496 Franklin Avenue	Brooklyn	NY
1265 43rd St.	Brooklyn	NY
16 Brighton First Rd.	Brooklyn	NY
280 Cadman Plaza West	Brooklyn	NY
725 St. Marks Ave.	Brooklyn	NY
61 Glenmore Ave.	Brooklyn	NY
340 Bushwick Ave.	Brooklyn	NY
1580 Rockaway Pkwy.	Brooklyn	NY
396 Clinton St.	Brooklyn	NY
Grand Army Plaza	Brooklyn	NY
2035 Nostrand Ave.	Brooklyn	NY
380 Washington Ave.	Brooklyn	NY
1901 Mermaid Ave.	Brooklyn	NY
1305 Cortelyou Rd.	Brooklyn	NY
560 New York Ave.	Brooklyn	NY
1197 Sutter Ave.	Brooklyn	NY
790 Bushwick Ave.	Brooklyn	NY
8202 13th Ave.	Brooklyn	NY
9612 Church Ave.	Brooklyn	NY
1044 Eastern Pkwy.	Brooklyn	NY
22 Linden Blvd.	Brooklyn	NY
2065 Flatbush Ave.	Brooklyn	NY
9424 Fourth Ave.	Brooklyn	NY
2808 Gerritsen Ave.	Brooklyn	NY
303 Ave. X	Brooklyn	NY
107 Norman Ave.	Brooklyn	NY
1664 W. 13th St.	Brooklyn	NY
131 7th Ave S	New York	NY
2525 Coney Island Ave.	Brooklyn	NY
9727 Seaview Ave.	Brooklyn	NY
410 Ditmas Ave.	Brooklyn	NY
3650 Nostrand Ave.	Brooklyn	NY
2115 Ocean Ave.	Brooklyn	NY
81 Devoe St.	Brooklyn	NY
361 Lewis Ave.	Brooklyn	NY
1702 60th St	Brooklyn	NY
617 DeKalb Ave.	Brooklyn	NY
6802 Fort Hamilton Pkwy	Brooklyn	NY
975 East 16th St	Brooklyn	NY
2385 Ralph Ave	Brooklyn	NY
665 New Lots Ave.	Brooklyn	NY
1743 86th St.	Brooklyn	NY
25 Fourth Ave.	Brooklyn	NY
850 E. 59th St.	Brooklyn	NY
431 6th Ave.	Brooklyn	NY
7 Wolcott St.	Brooklyn	NY
1000 Utica Ave.	Brooklyn	NY
5902- 23rd Ave.	Brooklyn	NY
"Thomas S. Boyland St. at ""Macon St."""	Brooklyn	NY
2636 E.14th St.	Brooklyn	NY
12143 Flatlands Ave.	Brooklyn	NY
581 Mother Gaston Boulevard	Brooklyn	NY
5108 4th Avenue	Brooklyn	NY
2602 Bath Ave	Brooklyn	NY
93 Saint Edwards St.	Brooklyn	NY
360 Irving Ave.	Brooklyn	NY
240 Division Ave.	Brooklyn	NY
160 E. 5th St.	Brooklyn	NY
200 Eastern Parkway	Brooklyn	NY
525 DeKalb Avenue	Brooklyn	NY
639A 5th Ave	Brooklyn	NY
1103 Kings Highway	Brooklyn	NY
384 Seventh Avenue	Brooklyn	NY
Five Metrotech Center	Brooklyn	NY
180 Remsen Street	Brooklyn	NY
9715 third avenue	Brooklyn	NY
116 Havemeyer St.	Brooklyn	NY
401 Lewis Ave	Brooklyn	NY
305 Flatbush Ave	Brooklyn	NY
326 6th street	Brooklyn	NY
248 DeKalb Avenue	Brooklyn	NY
225 4th Ave	Brooklyn	NY
97 Fifth Ave	Brooklyn	NY
335 Flatbush Ave	Brooklyn	NY
1014 Fulton St.	Brooklyn	NY
837 Union Street	Brooklyn	NY
183 Sterling Pl	Brooklyn	NY
351 Graham Avenue	Brooklyn	NY
305 Bedford Avenue	Brooklyn	NY
195 Franklin Street	Brooklyn	NY
49 Bogart St	Brooklyn	NY
245 Grand Street	Brooklyn	NY
229 S 4th Street	Brooklyn	NY
14-01 Astoria Boulevard	Long Island City	NY
40-20 Broadway	Long Island City	NY
89-11 Merrick Boulevard	Jamaica	NY
38-23 104 Street	Corona	NY
25-01 Jackson Avenue	Long Island City	NY
95-06 Astoria Boulevard	East Elmhurst	NY
35-51 81 Street	Jackson Heights	NY
100-01 Northern Boulevard	Corona	NY
21-45 31 Street	Long Island City	NY
54-22 Skillman Avenue	Woodside	NY
7805 164 Street	Queens	NY
40-15 Bell Blvd.	Bayside	NY
72-07 Austin Street	Forest Hills	NY
2405 Jackson Ave	Long Island City	NY
1063 Jackson Avenue	Long Island City	NY
4702 Vernon Blvd	Long Island City	NY
3290 36th St	Astoria	NY
7160 Yellowstone Blvd	Forest Hills	NY
103-16 Roosevelt Ave	Corona	NY
35-02 48th Ave	Long Island City	NY
56 Giffords Lane	Staten Island	NY
309 New Dorp Lane	Staten Island	NY
75 Bennett Street	Staten Island	NY
976 Castleton Avenue	Staten Island	NY
1617 Richmond Road	Staten Island	NY
2550 Victory Boulevard	Staten Island	NY
1188 6th Avenue	New York	NY
1560 Broadway	New York	NY
14 East 47th Street	New York	NY
West 46th St & 12th Avenue Pier 86	New York	NY
735 9th Ave	New York	NY
1651 Broadway	New York	NY
824 3rd Avenue	New York	NY
946 8th Avenue	New York	NY
47 West 57th Street	New York	NY
966 3rd Avenue	New York	NY
2049 Broadway	New York	NY
1286 1st Avenue	New York	NY
1499 3rd Ave	New York	NY
638 Columbus Ave	New York	NY
1871 2nd Avenue	New York	NY
2549 Broadway	New York	NY
1872 3rd Ave	New York	NY
125th St & Lexington Ave	New York	NY
215 West 125th Street	New York	NY
354 W 125th St	New York	NY
600 West 125th St	New York	NY
444 Lenox Avenue	New York	NY
52 Fulton Street	New York	NY
2379 Adam Clayton Powell Jr Blvd	New York	NY
3549 Broadway	New York	NY
3410 Broadway	New York	NY
2142 3rd Ave	New York	NY
2271 Broadway	New York	NY
4259 Broadway	New York	NY
839 Westchester Avenue	New York	NY
208 Dyckman St	New York	NY
608 West 207th Street	New York	NY
42 Central Park South	New York	NY
42 Central Park South	New York	NY
255 West 57th Street	New York	NY
329 West 49th Street	New York	NY
125 East 50th Street	New York	NY
7 W 34th Street	New York	NY
80 Center St.	New York	NY
60 Center St.	New York	NY
107 University Place	New York	NY
10 Rockefeller Plaza	New York	NY
50 East 52nd Street	New York	NY
810 7th Avenue	New York	NY
1790 Broadway	New York	NY
900 3rd Avenue	New York	NY
173 West 48th Street	New York	NY
300 West 48th Street	New York	NY
2 West 46th Street	New York	NY
1 West 45th Street	New York	NY
74 West 45th Street	New York	NY
707 8th Ave	New York	NY
2 West 43 Street	New York	NY
650 3rd Avenue	New York	NY
201 East 39th Street	New York	NY
55 3rd Avenue	New York	NY
96th & 3rd Aveneue	New York	NY
475 Riverside Drive	New York	NY
123 William Street	New York	NY
301 West 110th Street	New York	NY
325 Broadway	New York	NY
719 7th Ave.	New York	NY
307 W Broadway	New York	NY
550 Madison Ave	New York	NY
133 Greene Street	New York	NY
1290 Third Avenue	New York	NY
1117 Lexington Ave.	New York	NY
1128 Third Avenue	New York	NY
1449 Second Avenue	New York	NY
1445 First Avenue	New York	NY
1559 2nd Avenue	New York	NY
267-275 Columbus Ave	New York	NY
152 - 154 Columbus Avenue	New York	NY
338 Columbus Avenue	New York	NY
116 E. 57th Street	New York	NY
725 5th Avenue	New York	NY
142 W. 57th Street	New York	NY
1488 Third Avenue	New York	NY
1380 Sixth Avenue	New York	NY
120 W. 56th Street	New York	NY
1841 Broadway	New York	NY
4 Columbus Circle	New York	NY
120 EAST 87TH ST	New York	NY
2045 Broadway	New York	NY
1102 1st Ave	New York	NY
870 7th Avenue	New York	NY
444 Columbus Avenue	New York	NY
1100 Avenue of the Americas	New York	NY
1345 6th Ave	New York	NY
322 West 57th Street	New York	NY
2 Columbus Avenue	New York	NY
1320 Avenue of the Americas	New York	NY
1710 Broadway	New York	NY
2140 Broadway	New York	NY
1631 1st Ave	New York	NY
599 Lexington Ave	New York	NY
156 W 52nd St	New York	NY
1290 6th Ave	New York	NY
45 E. 51st Street	New York	NY
540 Columbus Avenue	New York	NY
1656 Broadway	New York	NY
2252 Broadway	New York	NY
400 East 54th Street	New York	NY
560 Lexington Avenue	New York	NY
871 8th Avenue	New York	NY
30 Rockefeller Plaza	New York	NY
1642 Third Avenue	New York	NY
750 Seventh Avenue	New York	NY
280 Park Avenue	New York	NY
400 East 90th Street	New York	NY
943 Second Avenue	New York	NY
1500 Broadway	New York	NY
825 Eighth Avenue	New York	NY
575 Fifth Avenue	New York	NY
1585 Broadway	New York	NY
630 Lexington Ave	New York	NY
325 W 49th St	New York	NY
1185 Sixth Avenue	New York	NY
757 Third Avenue	New York	NY
1378 Madison Avenue	New York	NY
770 Eighth Ave	New York	NY
1166 Avenue of the Americas	New York	NY
545 Fifth Ave.	New York	NY
450 Lexington Avenue	New York	NY
1530 Broadway	New York	NY
682 9th Avenue	New York	NY
335 Madison Avenue	New York	NY
330 Madison Ave	New York	NY
125 Park Ave	New York	NY
685 Third Avenue	New York	NY
2498 Broadway	New York	NY
7800 Grand Central Station	New York	NY
3 Park Avenue	New York	NY
684 Eighth Avenue	New York	NY
150 E. 42nd Street	New York	NY
295 Madison Avenue	New York	NY
251 West 42nd Street	New York	NY
2521 Broadway	New York	NY
639 3rd Avenue	New York	NY
360 Lexington Avenue	New York	NY
593 Ninth Ave	New York	NY
90 Park Ave	New York	NY
2600 Broadway	New York	NY
525 7th Avenue	New York	NY
600 Eighth Ave	New York	NY
1372 Broadway	New York	NY
555 W. 42ND STREET	New York	NY
400 Madison Avenue	New York	NY
200 Madison Avenue	New York	NY
1460 Broadway	New York	NY
38-01 35th Avenue	Long Island City	NY
401 W 14th Street	New York	NY
2655 Richmond Avenue	Staten Island	NY
813 Nostrand Avenue	Brooklyn	NY
1471 1st Avenue	New York	NY
53 West 19th Street	New York	NY
40 E 4th Street	New York	NY
212 Avenue B	New York	NY
225 Sullivan St	New York	NY
899 Main Street	New York	NY
215 1st Avenue	New York	NY
170 2nd Avenue	New York	NY
Vesey Street & Greenwich Street	New York	NY
254 Court Street	Brooklyn	NY
7th Avenue & 33rd Street	New York	NY
Hanover Square	New York	NY
36 W 110th Street	New York	NY
62-65 Saunders Strret	Rego Park	NY
1619 Amsterdam Avenue	New York	NY
246 East 14th Street	New York	NY
441East 12th Street	New York	NY
2062 Broadway	New York	NY
1362 2nd Avenue	New York	NY
2067 Broadway	New York	NY
130 Franklin Street	New York	NY
116 John Street	New York	NY
55 West 26th Street	New York	NY
Battery Park	New York	NY
78 5th Avenue	New York	NY
52 Broadway	New York	NY
183 West 10th Street	New York	NY
31 East 32nd Street	New York	NY
1298 2nd Avenue	New York	NY
157 2nd Avenue	New York	NY
29 Bedford Street	New York	NY
378 1/2 Greenwich Street	New York	NY
Central Park - SW Corner	New York	NY
81 8th Avenue	New York	NY
275 Greenwich Street	New York	NY
1584 1st Avenue	New York	NY
44-18 Broadway	Astoria	NY
42-14 Bell Boulevard	Bayside	NY
144 Union Street	Brooklyn	NY
463 Union Avenue	Brooklyn	NY
435 W 125 Street	New York	NY
185 Avenue C	New York	NY
37-14 Astoria Blvd	Astoria	NY
422 Forest Avenue	Staten Island	NY
2870 Linden Boulevard	Brooklyn	NY
710 Franklin Avenue	Brooklyn	NY
1025 Manhattan Avenue	Brooklyn	NY
2110 Richmond Road	Staten Island	NY
152 Ludlow Street	New York	NY
151 8th Avenue	New York	NY
15 Irving Place	New York	NY
46 Greenwich Avenue	New York	NY
214 Avenue A	New York	NY
495 Lorimer Street	Brooklyn	NY
904 Kings Hwy	Brooklyn	NY
126 Crosby Street	New York	NY
43 Lincoln Road	Brooklyn	NY
556 Vanderbilt Avenue	Brooklyn	NY
129 Orchard Street	New York	NY
88 Orchard Street	New York	NY
86-02 Queens Boulevard	Elmhurst	NY
29-20 30th Avenue	Astoria	NY
200 Avenue A	New York	NY
857 Broadway	New York	NY
6 West 14th Street	New York	NY
90 Bedford Street	New York	NY
80-32 Baxter Avenue	Elmhurst	NY
30-13 Broadway	Astoria	NY
114 th - 120th Streets	New York	NY
623 Grand Street	Brooklyn	NY
248 McKibbin Street	Brooklyn	NY
264 Carlton Avenue	Brooklyn	NY
139 Flatbush Avenue	Brooklyn	NY
1087 Broadway	Brooklyn	NY
646 Vanderbilt Avenue	Brooklyn	NY
307 Stuyvesant Avenue	Brooklyn	NY
352 Classon Avenue	Brooklyn	NY
247  Stuyvesant Avenue	Brooklyn	NY
1441 Broadway	New York	NY
200 Allen Street	New York	NY
231 1st Avenue	New York	NY
555 5th Avenue	New York	NY
397 Greenwich Street	New York	NY
11 East 20th Street	New York	NY
60 East 8th Street	New York	NY
269 11th Avenue	New York	NY
245 Park Avenue	New York	NY
270 Greenwich Street	New Yor k	NY
95 E Houston Street	New York	NY
4 Union Square E	New York	NY
250 7th Avenue	New York	NY
10 Columbus Cir	New York	NY
699 W 39th Street	New York	NY
213-35 39th Avenue	Bayside	NY
245 Park Avenue	New York	NY
480 Lexington Avenue	New York	NY
1451 Broadway	New York	NY
121 Madison Ave	New York	NY
18 East 23rd Street	New York	NY
62 William Street	New York	NY
62 Stone Street	New York	NY
327  Park Avenue South	New York	NY
232 8th Avenue	New York	NY
115 Lexington Ave	New York	NY
87 E 42nd Street	New York	NY
31 10 Thomson Avenue	New York	NY
40 Worth Street	New York	NY
97 Warren Street	New York	NY
222 Clinton Avenue	Brooklyn	NY
150 East 86th Street	New York	NY
70-00 Austin Street	Forest Hills	NY
176-60 Union Turnpike	Fresh Meadows	NY
120 East 34 Street	New York	NY
28 East 34th Street	New York	NY
469 7th Avenue	New York	NY
245 West 38th Street	New York	NY
1001 6th Avenue	New York	NY
259 W 42nd Street	New York	NY
2690 Hylan Blvd	Staten Island	NY
1894 Eastchester Rd	Bronx	NY
103 E 161 Street	Bronx	NY
35-40 Nostrand Ave	Brooklyn	NY
910 Manhattan Avenue	Brooklyn	NY
1000 Fifth Avenue	New York	NY
462 7th Avenue	New York	NY
2681 Broadway	New York	NY
494 Eighth Ave.	New York	NY
334 Fifth Ave.	New York	NY
76 9th Ave	New York	NY
875 Sixth Ave	New York	NY
585 2nd Avenue	New York	NY
145 Third Avenue	New York	NY
10 UNION SQUARE EAST	New York	NY
510 Sixth Avenue	New York	NY
93 Greenwich Avenue	New York	NY
450 7th Avenue	New York	NY
21 East 8th Street	New York	NY
51 Astor Place	New York	NY
13-25 Astor Place	New York	NY
378 6th Avenue	New York	NY
72 Grove Street	New York	NY
665 Broadway	New York	NY
150 Varick Street	New York	NY
72 SPRING STREET	New York	NY
80 Delancey Street	New York	NY
471 Broadway	New York	NY
241 Canal Street	New York	NY
111 Worth Street	New York	NY
291 Broadway	New York	NY
125 Chambers Street	New York	NY
233 Broadway	New York	NY
38 Park Row	New York	NY
195 Broadway	New York	NY
165 Broadway	New York	NY
100 William Street	New York	NY
55 Liberty Street	New York	NY
115 Broadway	New York	NY
80 Pine Street	New York	NY
45 Wall Street	New York	NY
100 Wall Street	New York	NY
2 Broadway	New York	NY
55 Broad Street	New York	NY
3 New York Plaza	New York	NY
1 Battery Park Plaza	New York	NY
803 W 181st St	New York	NY
2409 Broadway	New York	NY
707 8th Avenue	New York	NY
191 E Houston Street	New York	NY
132 E 23rd Street	New York	NY
W. 34th Street & 8th Avenue	New York	NY
41 Avenue A	New York	NY
810 7th Avenue	New York	NY
49 Ann Street	New York	NY
2753 Broadway	New York	NY
217 E 86 St	New York	NY
366 Amsterdam Avenue	New York	NY
954 3rd Ave	New York	NY
4768 Broadway	New York	NY
132 East 43rd St	New York	NY
1357 Broadway	New York	NY
2216 Frederick Douglas Blvd	New York	NY
7 E 8th St	New York	NY
527 3rd Ave	New York	NY
163 3rd Ave	New York	NY
211 West 43rd street	New York	NY
732 Broadway	New York	NY
55 West 125th Street	New York	NY
307 Madison Avenue	New York	NY
180 Fifth Avenue	New York	NY
228 East 86th Street	New York	NY
2181 Broadway	New York	NY
1138 3rd Avenue	New York	NY
167 West 57th Street	New York	NY
253 8th Ave	New York	NY
485 Madison Ave	New York	NY
818 3rd Ave	New York	NY
West 33rd Street & 7th Avenue	New York	NY
162 Madison Ave	New York	NY
610 West 110 Street	New York	NY
21 West 46 Street	New York	NY
42nd Street & Park Avenue	New York	NY
Central Park at West 67th Steet	New York	NY
71 Broadway	New York	NY
845 United Nations Plaza	New York	NY
737 5th Avenue	New York	NY
One Central Park West	New York	NY
140 Riverside Blvd	New York	NY
160 Riverside Blvd	New York	NY
390 Park Avenue	New York	NY
177 Macdougal Street	New York	NY
155 East 50th Street	New York	NY
229 Chrystie street	New York	NY
245 Fifth Avenue	New York	NY
West Side Highway and 23rd Street	New York	NY
52 William St	New York	NY
40 W 45th St	New York	NY
110 William Street	New York	NY
2 Penn Plaza	New York	NY
356 W 58th St	New York	NY
22 E 38th St	New York	NY
18 East 42nd Street	New York	NY
729 2nd Avenue	New York	NY
1109 6th Avenue	New York	NY
4040 Broadway	New York	NY
1997 3rd Ave	New York	NY
111 Centre St.	New York	NY
71 Thomas St.	New York	NY
37 St. Marks Place	New York	NY
535 W 23rd St	New York	NY
303 Lexington Ave	New York	NY
1600 Broadway	New York	NY
830 Third Avenue	New York	NY
801 West 181st Street	New York	NY
78 Spring Street	New York	NY
100 Church Street	New York	NY
3410 Broadway	New York	NY
141 2nd Avenue	New York	NY
63 West 30th Street	New York	NY
655 Lexington Avenue	New York	NY
250 Vesey Street	New York	NY
48 West 73rd Street	New York	NY
2379 Broadway	New York	NY
2610 Broadway	New York	NY
731 Lexington Avenue	New York	NY
95 West Broadway	New York	NY
110 Pearl Street	New York	NY
140 Varick Street	New York	NY
1021 Third Avenue	New York	NY
170 Broadway	New York	NY
410 West Broadway	New York	NY
342 Broadway	New York	NY
228 8th Ave	New York	NY
59 Maiden Ln	New York	NY
1933 79th Street	Brooklyn	NY
150 E. 34th Street	Brooklyn	NY
16 Court Street	Brooklyn	NY
1642 Pitkin Ave	Brooklyn	NY
6620 Bay Pky	Brooklyn	NY
2410 Coney Island Ave	Brooklyn	NY
357 Hamilton Avenue	Brooklyn	NY
82 Court St	Brooklyn	NY
1275 Fulton Street	Brooklyn	NY
6419 18th Ave	Brooklyn	NY
1930 Nostrand Ave	Brooklyn	NY
516A Myrtle Ave	Brooklyn	NY
420 Fulton St	Brooklyn	NY
840 Atlantic Ave	Brooklyn	NY
1380 Broadway	Brooklyn	NY
139 Flatbush Ave	Brooklyn	NY
24 Graham Avenue	Brooklyn	NY
440 86th Street	Brooklyn	NY
2165 86th Street	Brooklyn	NY
329 Flatbush Ave	Brooklyn	NY
138 Court St	Brooklyn	NY
320 7th Ave	Brooklyn	NY
8225 5th Ave	Brooklyn	NY
22 E 23rd St Flatiron	New York	NY
Central Terminal Baggage Claim	Flushing	NY
Central Terminal Concourse A	Flushing	NY
Central Terminal Concourse B	Flushing	NY
Central Terminal Concourse C	Flushing	NY
Central Terminal Concourse D	Flushing	NY
Central Terminal Food Court	Flushing	NY
Central Terminal Ticketing Area	Flushing	NY
US Airways Terminal	Flushing	NY
Terminal 1	Jamaica	NY
Terminal 8	Jamaica	NY
Concourse level	Jamaica	NY
Terminal 3	Jamaica	NY
Terminal 3	Jamaica	NY
Terminal 3	Jamaica	NY
Terminal 2	Jamaica	NY
Terminal 7	Jamaica	NY
Terminal 7	Jamaica	NY
Terminal 7	Jamaica	NY
Terminal 7	Jamaica	NY
375 Park Ave.	New York	NY
521 5th Avenue	New York	NY
2 West 48th Street	New York	NY
76 3rd Avenue	New York	NY
Corner of E. 17th Street + Union Square West	New York	NY
13541 Roosevelt Ave	Flushing	NY
2121 31st Street	Astoria	NY
201 50th Ave	Long Island City	NY
305 Federal Circle	Jamaica	NY
Laguardia Airport		NY
Kosher Franks	Jamaica	NY
2870 3rd Ave	Bronx	NY
1625 Webster Ave	Bronx	NY
1540 Westchester Ave	Bronx	NY
5804 Clarendon Rd	Brooklyn	NY
180 Parkside Ave	Brooklyn	NY
112 Montague Street	Brooklyn	NY
480 Forest Ave	Staten Island	NY
1756 Forest Avenue	Staten Island	NY
61-51 188th Street	Fresh Meadows	NY
138-11 20th Avenue	Whitestone	NY
215-29 Northern Blvd.	Bayside	NY
46-09 Queens Blvd.	Sunnyside	NY
242-02 61st Avenue	Douglaston	NY
157-41 Cross Bay Blvd.	Howard Beach	NY
455 Main Street	New York	NY
1515 York Avenue	New York	NY
40-50 W 225th St	Bronx	NY
61 5th Ave	New York	NY
556 Columbus Ave.	New York	NY
151 WEST 34TH STREET	New York	NY
395 FLATBUSH AVE EXTEN	Brooklyn	NY
904 MANHATTAN AVE & GREENPOINT	Brooklyn	NY
79 W 125TH ST	New York	NY
1388 HYLAN BLVD	Staten Island	NY
1509 SHEEPSHEAD BAY RD	Brooklyn	NY
87-84 SUTPHIN BLVD	Jamaica	NY
1660 RICHMOND AVE	Staten Island	NY
166-30 JAMAICA AVE	Queens	NY
405 Broadway	New York	NY
345 Hudson St.	New York	NY
518 Hudson Street	New York	NY
4 W. 21st Street	New York	NY
164 Smith Street	Brooklyn	NY
373 5th Avenue	New York	NY
910 Manhattan Avenue	Brooklyn	NY
1602 Broadway	New York	NY
1889 Broadway	New York	NY
1261 Lexington Avenue	New York	NY
514 86th Street	Brooklyn	NY
2655 Richmond Avenue	Staten Island	NY
220 E. 42nd Street	New York	NY
520 West 110th Street	New York	NY
138 West 32nd Street	New York	NY
2465 Broadway	New York	NY
205 East 85th Street	New York	NY
140 East 63rd Street	New York	NY
54 Murray Street	New York	NY
97 Greenwhich Avenue	New York	NY
10 Columbus Circle	New York	NY
194 Joralemon	Brooklyn	NY
707 Lexington Ave	New York	NY
Terminals 1 arrival halls and baggage claim	Jamaica	NY
Terminals 4 arrival halls and baggage claim	Jamaica	NY
Terminals 7 arrival halls and baggage claim	Jamaica	NY
Terminals 9 arrival halls and baggage claim	Jamaica	NY
Building 300 Federal Circle	Jamaica	NY
6 Metro Tech	Brooklyn	NY
67 Front Street	Brookyn	NY
1 Penn Plaza	 Concourse Level	NY
168 W 27th Street	New York	NY
37-44 21 Street	Long Island City	NY
127 E 58 Street	New York	NY
112 E 96 Street	New York	NY
228 E 23rd  Street	New York	NY
150 West 100th Street	New York	NY
560 Lexington Avenue	New York	NY
446 Third Avenue	New York	NY
2900 Broadway	New York	NY
209 West 23rd Street	New York	NY
10 Jersey Street	New York	NY
127 Amsterdam Avenue	New York	NY
1465 York Avenue	New York	NY
222 East 79th Street	New York	NY
Fifth  Avenue and 42nd Street	New York	NY
40 West 20th Street	New York	NY
188 Madison Avenue	New York	NY
535 W 114th Street	New York	NY
101 Murray Street	New York	NY
1750 Davidson Avenue	Bronx	NY
29 East 2nd Street	New York	NY
621 Water Street	New York	NY
1022 Rev James  A Polite Avenue	Bronx	NY
1189 Tinton Avenue	Bronx	NY
145 Greene St	New York	NY
225 W 57th Street	New York	NY
200 Varick Street Room 578	New York	NY
340 Baychester Avenue	Bronx	NY
25441 Horace Harding Expressway	Little Neck	NY
280 Marsh Avenue	Staten Island	NY
7325 Woodhaven Boulevard	Glendale	NY
