37.755197;-122.422993;3398 22ND ST, SAN FRANCISCO, CA
37.755038;-122.425665;3500 22ND ST, SAN FRANCISCO, CA
37.757938;-122.388709;728 22ND ST, SAN FRANCISCO, CA
37.803355;-122.400094;PIER 23 THE EMBARCADERO, SAN FRANCISCO, CA
37.754822;-122.397844;1800 23RD ST, SAN FRANCISCO, CA
37.754558;-122.402099;2250 23RD ST, SAN FRANCISCO, CA
37.754431;-122.404011;2449 23RD ST, SAN FRANCISCO, CA
37.754281;-122.411254;2950 23RD ST, SAN FRANCISCO, CA
37.753904;-122.417689;3254 23RD ST, SAN FRANCISCO, CA
37.753615;-122.422382;3558 23RD ST, SAN FRANCISCO, CA
37.752625;-122.43886;4300 23RD ST, SAN FRANCISCO, CA
37.752978;-122.406491;2702 24TH ST, SAN FRANCISCO, CA
37.752906;-122.407428;2751 24TH ST, SAN FRANCISCO, CA
37.752889;-122.408003;2790 24TH ST, SAN FRANCISCO, CA
37.752819;-122.408988;2847 24TH ST, SAN FRANCISCO, CA
37.752788;-122.409738;2884 24TH ST, SAN FRANCISCO, CA
37.752724;-122.410835;2948 24TH ST, SAN FRANCISCO, CA
37.752694;-122.411042;2951 24TH ST, SAN FRANCISCO, CA
37.752651;-122.411626;2989 24TH ST, SAN FRANCISCO, CA
37.752586;-122.412891;3046 24TH ST, SAN FRANCISCO, CA
37.752559;-122.413346;3064 24TH ST, SAN FRANCISCO, CA
37.752522;-122.414017;3098 24TH ST, SAN FRANCISCO, CA
37.752511;-122.414215;3100 24TH ST, SAN FRANCISCO, CA
37.752449;-122.415053;3149 24TH ST, SAN FRANCISCO, CA
37.752298;-122.417417;3249 24TH ST, SAN FRANCISCO, CA
37.752177;-122.419481;3347 24TH ST, SAN FRANCISCO, CA
37.751679;-122.427656;3807 24TH ST, SAN FRANCISCO, CA
37.76771;-122.431197;98 1/2 SANCHEZ ST, SAN FRANCISCO, CA
37.774967;-122.468154;701 10TH AVE, SAN FRANCISCO, CA
37.770926;-122.410462;450 10TH ST, SAN FRANCISCO, CA
37.77284;-122.415204;225 11TH ST, SAN FRANCISCO, CA
37.771537;-122.413604;320 11TH ST, SAN FRANCISCO, CA
37.764112;-122.469545;1298 12TH AVE, SAN FRANCISCO, CA
37.768315;-122.419364;269 14TH ST, SAN FRANCISCO, CA
37.767734;-122.428365;691 14TH ST, SAN FRANCISCO, CA
37.767711;-122.429115;702 14TH ST, SAN FRANCISCO, CA
37.768086;-122.423125;441 14TH ST, SAN FRANCISCO, CA
37.765727;-122.435212;2299 15TH ST, SAN FRANCISCO, CA
37.765161;-122.41765;2903-2909 16TH ST, SAN FRANCISCO, CA
37.765035;-122.420037;3020 16TH ST, SAN FRANCISCO, CA
37.764965;-122.420849;3055 16TH ST, SAN FRANCISCO, CA
37.764852;-122.422677;3131 16TH ST, SAN FRANCISCO, CA
37.7648;-122.423623;3177-79 16TH ST, SAN FRANCISCO, CA
37.764802;-122.423867;3192 16TH ST, SAN FRANCISCO, CA
37.765667;-122.409321;2300 16TH ST, SAN FRANCISCO, CA
37.76288;-122.428349;3699 17TH ST, SAN FRANCISCO, CA
37.762631;-122.433076;3900 17TH ST, SAN FRANCISCO, CA
37.762274;-122.438543;4151 17TH ST, SAN FRANCISCO, CA
37.761865;-122.445272;4499 17TH ST, SAN FRANCISCO, CA
37.760382;-122.411725;3001 19TH ST, SAN FRANCISCO, CA
37.777125;-122.419644;355 01ST ST, SAN FRANCISCO, CA
37.760123;-122.394518;1309 20TH ST, SAN FRANCISCO, CA
37.759947;-122.397354;1601 20TH ST, SAN FRANCISCO, CA
37.759297;-122.408001;2701 20TH ST, SAN FRANCISCO, CA
37.758384;-122.423238;3698 20TH ST, SAN FRANCISCO, CA
37.758337;-122.423698;3701 20TH ST, SAN FRANCISCO, CA
37.760559;-122.387682;600 20TH ST, SAN FRANCISCO, CA
37.777125;-122.419644;2101 201ST AVE, SAN FRANCISCO, CA
37.777125;-122.419644;2681 201ST ST, SAN FRANCISCO, CA
37.777125;-122.419644;2750 201ST ST, SAN FRANCISCO, CA
37.755927;-122.410463;2801 22ND ST, SAN FRANCISCO, CA
37.762729;-122.393997;1135 18TH ST, SAN FRANCISCO, CA
37.762626;-122.395673;1301 18TH ST, SAN FRANCISCO, CA
37.762557;-122.396765;1419 18TH ST, SAN FRANCISCO, CA
37.761513;-122.424586;3639 18TH ST, SAN FRANCISCO, CA
37.761033;-122.432548;3998 18TH ST, SAN FRANCISCO, CA
37.760803;-122.436209;4201 18TH ST, SAN FRANCISCO, CA
37.760674;-122.438375;4401 18TH ST, SAN FRANCISCO, CA
37.760404;-122.44304;4686 18TH ST, SAN FRANCISCO, CA
37.78707;-122.387219;PIER 19, SAN FRANCISCO, CA
37.754027;-122.476417;1800 19TH AVE, SAN FRANCISCO, CA
37.760273;-122.418518;3368 19TH ST, SAN FRANCISCO, CA
37.760144;-122.420763;3465 19TH ST, SAN FRANCISCO, CA
37.759415;-122.432766;4001 19TH ST, SAN FRANCISCO, CA
37.759272;-122.435136;4119-21 19TH ST, SAN FRANCISCO, CA
37.751666;-122.427905;3821 24TH ST, SAN FRANCISCO, CA
37.751577;-122.42939;3893 24TH ST, SAN FRANCISCO, CA
37.751563;-122.429879;3900 24TH ST, SAN FRANCISCO, CA
37.751504;-122.430544;3939 24TH ST, SAN FRANCISCO, CA
37.751507;-122.430775;3950 24TH ST, SAN FRANCISCO, CA
37.751507;-122.430775;3950 24TH ST, SAN FRANCISCO, CA
37.751398;-122.432275;4011 24TH ST, SAN FRANCISCO, CA
37.751791;-122.426025;3730 24TH ST, SAN FRANCISCO, CA
37.749174;-122.416066;3300 26TH ST, SAN FRANCISCO, CA
37.749099;-122.417117;3353 26TH ST, SAN FRANCISCO, CA
37.743757;-122.425905;268 29TH ST, SAN FRANCISCO, CA
37.777125;-122.419644;167 02ND AVE, SAN FRANCISCO, CA
37.777125;-122.419644;500 02ND AVE, SAN FRANCISCO, CA
37.777125;-122.419644;601 02ND AVE, SAN FRANCISCO, CA
37.777125;-122.419644;246 02ND ST, SAN FRANCISCO, CA
37.777125;-122.419644;545 02ND ST, SAN FRANCISCO, CA
37.777125;-122.419644;84 02ND ST, SAN FRANCISCO, CA
37.782115;-122.492394;375 32ND AVE, SAN FRANCISCO, CA
37.782088;-122.492392;377 32ND AVE, SAN FRANCISCO, CA
37.809055;-122.41;PIER 39 SP J02, SAN FRANCISCO, CA
37.777125;-122.419644;1251 03RD AVE, SAN FRANCISCO, CA
37.777125;-122.419644;17 03RD ST, SAN FRANCISCO, CA
37.777125;-122.419644;34 03RD ST, SAN FRANCISCO, CA
37.777125;-122.419644;4124 03RD ST, SAN FRANCISCO, CA
37.777125;-122.419644;4400 03RD ST, SAN FRANCISCO, CA
37.777125;-122.419644;4500 03RD ST, SAN FRANCISCO, CA
37.777125;-122.419644;4517 03RD ST, SAN FRANCISCO, CA
37.777125;-122.419644;4700 03RD ST, SAN FRANCISCO, CA
37.777125;-122.419644;471 03RD ST, SAN FRANCISCO, CA
37.777125;-122.419644;4830 03RD ST, SAN FRANCISCO, CA
37.797766;-122.40767;641 BROADWAY, SAN FRANCISCO, CA
37.798108;-122.40488;460 BROADWAY ST, SAN FRANCISCO, CA
37.771646;-122.438841;167 BRODERICK ST, SAN FRANCISCO, CA
37.788155;-122.442137;1926 BRODERICK ST, SAN FRANCISCO, CA
37.798199;-122.44422;3031 BRODERICK ST, SAN FRANCISCO, CA
37.773078;-122.439107;308 BRODERICK ST, SAN FRANCISCO, CA
37.77629;-122.439781;667 BRODERICK ST, SAN FRANCISCO, CA
37.709745;-122.445641;601 BRUNSWICK ST, SAN FRANCISCO, CA
37.759112;-122.409757;2201 BRYANT ST, SAN FRANCISCO, CA
37.756155;-122.409493;2398 BRYANT ST, SAN FRANCISCO, CA
37.75581;-122.409456;2400 BRYANT ST, SAN FRANCISCO, CA
37.754221;-122.409271;2500 BRYANT ST, SAN FRANCISCO, CA
37.749561;-122.408844;2801 BRYANT ST, SAN FRANCISCO, CA
37.748513;-122.408728;2887 BRYANT ST, SAN FRANCISCO, CA
37.782443;-122.394448;432 BRYANT ST, SAN FRANCISCO, CA
37.776864;-122.40147;757 BRYANT ST, SAN FRANCISCO, CA
37.784131;-122.392204;333 BRYANT ST, SAN FRANCISCO, CA
37.763236;-122.410296;1890 BRYANT ST, SAN FRANCISCO, CA
37.789659;-122.430619;2135 BUCHANAN ST, SAN FRANCISCO, CA
37.789519;-122.413881;1001 BUSH ST, SAN FRANCISCO, CA
37.788885;-122.418853;1300 BUSH ST, SAN FRANCISCO, CA
37.790531;-122.405843;517 BUSH ST, SAN FRANCISCO, CA
37.790343;-122.40736;611 BUSH ST, SAN FRANCISCO, CA
37.789991;-122.41026;798 BUSH ST, SAN FRANCISCO, CA
37.789914;-122.410877;820 BUSH ST, SAN FRANCISCO, CA
37.789588;-122.41334;985 BUSH ST, SAN FRANCISCO, CA
37.790098;-122.40942;734 BUSH ST, SAN FRANCISCO, CA
37.773374;-122.50721;4533 CABRILLO ST, SAN FRANCISCO, CA
37.818242;-122.37023;200 CALIFORNIA AVE, SAN FRANCISCO, CA
37.790224;-122.423368;1765 CALIFORNIA ST, SAN FRANCISCO, CA
37.788826;-122.434446;2435 CALIFORNIA ST, SAN FRANCISCO, CA
37.788117;-122.44022;2794 CALIFORNIA ST, SAN FRANCISCO, CA
37.787411;-122.445556;3100 CALIFORNIA ST, SAN FRANCISCO, CA
37.786721;-122.450872;3445 CALIFORNIA ST, SAN FRANCISCO, CA
37.786693;-122.451078;3461 CALIFORNIA ST, SAN FRANCISCO, CA
37.793222;-122.40053;350 CALIFORNIA ST, SAN FRANCISCO, CA
37.786438;-122.453036;3585 CALIFORNIA ST, SAN FRANCISCO, CA
37.785368;-122.461477;4101 CALIFORNIA ST, SAN FRANCISCO, CA
37.784984;-122.464701;4400 CALIFORNIA ST, SAN FRANCISCO, CA
37.784758;-122.466303;4555 CALIFORNIA ST, SAN FRANCISCO, CA
37.784157;-122.478706;5701 CALIFORNIA ST, SAN FRANCISCO, CA
37.784008;-122.481915;6001 CALIFORNIA ST, SAN FRANCISCO, CA
37.791846;-122.410606;999 CALIFORNIA ST, SAN FRANCISCO, CA
37.788842;-122.434312;2425 CALIFORNIA ST A, SAN FRANCISCO, CA
37.792737;-122.404035;580 CALIFORNIA ST, SAN FRANCISCO, CA
37.717101;-122.474289;111 CAMBON DR, SAN FRANCISCO, CA
37.714494;-122.459042;454 CAPITOL AVE, SAN FRANCISCO, CA
37.760124;-122.418085;401 CAPP ST, SAN FRANCISCO, CA
37.767076;-122.400814;129 CAROLINA ST, SAN FRANCISCO, CA
37.753596;-122.434285;1001 CASTRO ST, SAN FRANCISCO, CA
37.748514;-122.433797;1649 CASTRO ST, SAN FRANCISCO, CA
37.761898;-122.435102;426 CASTRO ST, SAN FRANCISCO, CA
37.759726;-122.434904;572 CASTRO ST, SAN FRANCISCO, CA
37.757871;-122.434699;699 CASTRO ST, SAN FRANCISCO, CA
37.749897;-122.394009;1740 CESAR CHAVEZ, SAN FRANCISCO, CA
37.739724;-122.425584;100 CHENERY ST, SAN FRANCISCO, CA
37.734522;-122.433694;696 CHENERY ST, SAN FRANCISCO, CA
37.800551;-122.438189;2113 CHESTNUT ST, SAN FRANCISCO, CA
37.800554;-122.438308;2120 CHESTNUT ST, SAN FRANCISCO, CA
37.800195;-122.441079;2299 CHESTNUT ST, SAN FRANCISCO, CA
37.800122;-122.44165;2323 CHESTNUT ST, SAN FRANCISCO, CA
37.799968;-122.442864;2401 CHESTNUT ST, SAN FRANCISCO, CA
37.768875;-122.429074;130 CHURCH ST, SAN FRANCISCO, CA
37.748412;-122.427119;1401 CHURCH ST, SAN FRANCISCO, CA
37.745217;-122.426801;1601 CHURCH ST, SAN FRANCISCO, CA
37.743565;-122.426653;1706 CHURCH ST, SAN FRANCISCO, CA
37.743508;-122.426648;1710 CHURCH ST, SAN FRANCISCO, CA
37.765992;-122.428795;300 CHURCH ST, SAN FRANCISCO, CA
37.765994;-122.428779;301 CHURCH ST A, SAN FRANCISCO, CA
37.793442;-122.412741;1199 CLAY ST, SAN FRANCISCO, CA
37.792012;-122.424069;1890 CLAY ST, SAN FRANCISCO, CA
37.78266;-122.470262;1042 CLEMENT ST, SAN FRANCISCO, CA
37.782226;-122.479669;1905 CLEMENT ST, SAN FRANCISCO, CA
37.783193;-122.459141;2 CLEMENT ST, SAN FRANCISCO, CA
37.782123;-122.482166;2147 CLEMENT ST, SAN FRANCISCO, CA
37.782051;-122.48439;2354 CLEMENT ST, SAN FRANCISCO, CA
37.782023;-122.484993;2400 CLEMENT ST, SAN FRANCISCO, CA
37.783057;-122.461745;251-253 CLEMENT ST, SAN FRANCISCO, CA
37.781735;-122.4908;2955 CLEMENT ST, SAN FRANCISCO, CA
37.781706;-122.491696;3032-3038 CLEMENT ST, SAN FRANCISCO, CA
37.782994;-122.463473;400 CLEMENT ST, SAN FRANCISCO, CA
37.782952;-122.464532;500 CLEMENT ST, SAN FRANCISCO, CA
37.782822;-122.466743;709-711 CLEMENT ST, SAN FRANCISCO, CA
37.782751;-122.468083;841 CLEMENT ST, SAN FRANCISCO, CA
37.782732;-122.468825;900 CLEMENT ST, SAN FRANCISCO, CA
37.774913;-122.41127;740 CLEMENTINA ST, SAN FRANCISCO, CA
37.761553;-122.449103;1400 COLE ST, SAN FRANCISCO, CA
37.766513;-122.450117;815 COLE ST, SAN FRANCISCO, CA
37.76621;-122.450041;856 COLE ST, SAN FRANCISCO, CA
37.765659;-122.449934;904-906 COLE ST, SAN FRANCISCO, CA
37.765247;-122.449849;960 COLE ST, SAN FRANCISCO, CA
37.803911;-122.415378;1018 COLUMBUS AVE, SAN FRANCISCO, CA
37.798246;-122.407176;342 COLUMBUS AVE, SAN FRANCISCO, CA
37.798535;-122.407638;373 COLUMBUS AVE, SAN FRANCISCO, CA
37.800124;-122.409915;585 COLUMBUS AVE, SAN FRANCISCO, CA
37.802835;-122.413792;900 COLUMBUS AVE, SAN FRANCISCO, CA
37.803095;-122.414179;940 COLUMBUS AVE, SAN FRANCISCO, CA
37.739462;-122.41898;249 CORTLAND AVE, SAN FRANCISCO, CA
37.739121;-122.417059;439 CORTLAND AVE, SAN FRANCISCO, CA
37.739089;-122.416903;448 CORTLAND AVE, SAN FRANCISCO, CA
37.738893;-122.414609;801 CORTLAND AVE, SAN FRANCISCO, CA
37.738883;-122.414404;820 CORTLAND AVE, SAN FRANCISCO, CA
37.7349;-122.416892;399 CRESCENT AVE, SAN FRANCISCO, CA
37.734862;-122.416042;511 CRESCENT ST, SAN FRANCISCO, CA
37.74484;-122.3884;1455 CUSTER AVE, SAN FRANCISCO, CA
37.784659;-122.408536;55 CYRIL MAGNIN ST, SAN FRANCISCO, CA
37.754914;-122.400646;1199 DE HARO ST, SAN FRANCISCO, CA
37.764252;-122.401526;444 DE HARO ST, STE 101, SAN FRANCISCO, CA
37.747187;-122.459316;404 DEWEY BLVD, SAN FRANCISCO, CA
37.744007;-122.438531;5260 DIAMOND HEIGHTS BLVD, SAN FRANCISCO, CA
37.743731;-122.438053;5290 DIAMOND HEIGHTS BLVD, SAN FRANCISCO, CA
37.734207;-122.433934;2815 DIAMOND ST, SAN FRANCISCO, CA
37.734163;-122.433967;2816 DIAMOND ST, SAN FRANCISCO, CA
37.733494;-122.434163;2900 DIAMOND ST, SAN FRANCISCO, CA
37.751637;-122.436331;741 DIAMOND ST, SAN FRANCISCO, CA
37.780674;-122.438939;1201 DIVISADERO ST, SAN FRANCISCO, CA
37.784855;-122.439789;1661 DIVISADERO ST, SAN FRANCISCO, CA
37.792608;-122.441352;2500 DIVISADERO ST, SAN FRANCISCO, CA
37.774151;-122.437628;501 DIVISADERO ST, SAN FRANCISCO, CA
37.774535;-122.437688;550 DIVISADERO ST, SAN FRANCISCO, CA
37.775227;-122.437848;621 DIVISADERO ST, SAN FRANCISCO, CA
37.776306;-122.438042;736 DIVISADERO ST, SAN FRANCISCO, CA
37.776707;-122.438139;793 DIVISADERO ST, SAN FRANCISCO, CA
37.777415;-122.438269;860 DIVISADERO ST, SAN FRANCISCO, CA
37.777399;-122.438285;861 DIVISADERO ST, SAN FRANCISCO, CA
37.786566;-122.440116;1836 DIVISADERO ST, SAN FRANCISCO, CA
37.739614;-122.403114;60 DORMAN AVE, SAN FRANCISCO, CA
37.739456;-122.403612;81 DORMAN AVE, SAN FRANCISCO, CA
37.755548;-122.43884;499 DOUGLASS ST, SAN FRANCISCO, CA
37.793861;-122.396431;15 DRUMM ST, SAN FRANCISCO, CA
37.78431;-122.40976;123 EDDY ST, SAN FRANCISCO, CA
37.784315;-122.409855;128 EDDY ST, SAN FRANCISCO, CA
37.784144;-122.411134;200 EDDY ST, SAN FRANCISCO, CA
37.783973;-122.412273;289 EDDY ST, SAN FRANCISCO, CA
37.783835;-122.41334;345 EDDY ST, SAN FRANCISCO, CA
37.783745;-122.414053;399 EDDY ST, SAN FRANCISCO, CA
37.783526;-122.415703;499 EDDY ST, SAN FRANCISCO, CA
37.783495;-122.416073;500 EDDY ST, SAN FRANCISCO, CA
37.783147;-122.418742;678 EDDY ST, SAN FRANCISCO, CA
37.78265;-122.422682;904 EDDY ST, SAN FRANCISCO, CA
37.78541;-122.408888;160 ELLIS ST, SAN FRANCISCO, CA
37.785205;-122.410299;251 ELLIS ST, SAN FRANCISCO, CA
37.784925;-122.412648;396-398 ELLIS ST, SAN FRANCISCO, CA
37.784879;-122.41299;402 ELLIS ST, SAN FRANCISCO, CA
37.784716;-122.414024;483 ELLIS ST, SAN FRANCISCO, CA
37.784721;-122.414119;488 ELLIS ST, SAN FRANCISCO, CA
37.784465;-122.415866;595 ELLIS ST, SAN FRANCISCO, CA
37.783631;-122.42242;995 ELLIS ST, SAN FRANCISCO, CA
37.794143;-122.396471;5 EMBARCADERO CTR, SAN FRANCISCO, CA
37.794143;-122.396471;5 EMBARCADERO CTR, SAN FRANCISCO, CA
37.739537;-122.382459;1295 EVANS AVE, SAN FRANCISCO, CA
37.724156;-122.429278;544 EXCELSIOR AVE, SAN FRANCISCO, CA
37.738889;-122.426671;155 FAIRMOUNT ST, SAN FRANCISCO, CA
37.755057;-122.450725;50 FARVIEW CT, SAN FRANCISCO, CA
37.775906;-122.423095;320 FELL ST, SAN FRANCISCO, CA
37.799056;-122.427642;1700 FILBERT ST, SAN FRANCISCO, CA
37.798425;-122.432565;2000 FILBERT ST, SAN FRANCISCO, CA
37.779652;-122.431968;1101 FILLMORE ST, SAN FRANCISCO, CA
37.780598;-122.432142;1200 FILLMORE ST, SAN FRANCISCO, CA
37.7836;-122.432761;1528 FILLMORE ST, SAN FRANCISCO, CA
37.783825;-122.432823;1561 FILLMORE ST, SAN FRANCISCO, CA
37.7857;-122.43318;1758 FILLMORE ST, SAN FRANCISCO, CA
37.789943;-122.43402;2200 FILLMORE ST, SAN FRANCISCO, CA
37.792384;-122.434522;2498 FILLMORE ST, SAN FRANCISCO, CA
37.792574;-122.43456;2500 FILLMORE ST, SAN FRANCISCO, CA
37.797645;-122.435593;3060 FILLMORE ST, SAN FRANCISCO, CA
37.77279;-122.430552;378 FILLMORE ST, SAN FRANCISCO, CA
37.774061;-122.430838;501 FILLMORE ST, SAN FRANCISCO, CA
37.77548;-122.431121;667 FILLMORE ST, SAN FRANCISCO, CA
37.775922;-122.431208;701 FILLMORE ST, SAN FRANCISCO, CA
37.777343;-122.431498;867 FILLMORE ST, SAN FRANCISCO, CA
37.800026;-122.436093;3311 FILLMORE ST, SAN FRANCISCO, CA
37.799021;-122.435899;3201 FILLMORE ST, SAN FRANCISCO, CA
37.72213;-122.39339;1300 FITZGERALD AVE, SAN FRANCISCO, CA
37.776016;-122.408759;1141 FOLSOM ST, SAN FRANCISCO, CA
37.769333;-122.415619;1745 FOLSOM ST, SAN FRANCISCO, CA
37.768358;-122.415601;1800 FOLSOM ST, SAN FRANCISCO, CA
37.755555;-122.414366;2601 FOLSOM ST, SAN FRANCISCO, CA
37.751109;-122.413966;2896-2898 FOLSOM ST, SAN FRANCISCO, CA
37.749526;-122.4138;2997 FOLSOM ST, SAN FRANCISCO, CA
37.746582;-122.413535;3216 FOLSOM ST, SAN FRANCISCO, CA
37.784034;-122.398622;689 FOLSOM ST, SAN FRANCISCO, CA
37.782252;-122.400874;795 FOLSOM ST, SAN FRANCISCO, CA
37.777125;-122.419644;SAN FRANCISCO INTERNATIONAL AIRPORT, SAN FRANCISCO, CA
37.805121;-122.410167;300 FRANCISCO ST, SAN FRANCISCO, CA
37.788673;-122.423658;1528 FRANKLIN ST, SAN FRANCISCO, CA
37.798496;-122.425641;2606 FRANKLIN ST, SAN FRANCISCO, CA
37.800585;-122.426071;2836 FRANKLIN ST, SAN FRANCISCO, CA
37.767192;-122.446507;205 FREDERICK ST, SAN FRANCISCO, CA
37.767157;-122.446766;225 FREDERICK ST, SAN FRANCISCO, CA
37.766339;-122.453126;501-03 FREDERICK ST, SAN FRANCISCO, CA
37.766907;-122.448942;350 FREDERICK ST, SAN FRANCISCO, CA
37.776188;-122.4433;1601 FULTON ST, SAN FRANCISCO, CA
37.775901;-122.44565;1750 FULTON ST, SAN FRANCISCO, CA
37.775768;-122.446575;1801 FULTON ST, SAN FRANCISCO, CA
37.776841;-122.438375;1302 FULTON ST, SAN FRANCISCO, CA
37.781898;-122.451193;3001 GEARY BLVD, SAN FRANCISCO, CA
37.781321;-122.45609;3445 GEARY BLVD, SAN FRANCISCO, CA
37.781147;-122.460122;3801 GEARY BLVD, SAN FRANCISCO, CA
37.787189;-122.40962;395 GEARY BLVD, SAN FRANCISCO, CA
37.780857;-122.466536;4401 GEARY BLVD, SAN FRANCISCO, CA
37.780747;-122.468885;4625 GEARY BLVD, SAN FRANCISCO, CA
37.780701;-122.46987;4715 GEARY BLVD, SAN FRANCISCO, CA
37.780687;-122.470169;4751 GEARY BLVD, SAN FRANCISCO, CA
37.780633;-122.47411;5100 GEARY BLVD, SAN FRANCISCO, CA
37.780551;-122.47591;5280 GEARY BLVD, SAN FRANCISCO, CA
37.780407;-122.476569;5335 GEARY BLVD, SAN FRANCISCO, CA
37.780271;-122.479604;5615 GEARY BLVD, SAN FRANCISCO, CA
37.780385;-122.479681;5620 GEARY BLVD, SAN FRANCISCO, CA
37.780269;-122.479655;5621 GEARY BLVD, SAN FRANCISCO, CA
37.780261;-122.479825;5641 GEARY BLVD, SAN FRANCISCO, CA
37.780177;-122.481632;5801 GEARY BLVD, SAN FRANCISCO, CA
37.78016;-122.481977;5843 GEARY BLVD, SAN FRANCISCO, CA
37.780157;-122.482044;5851 GEARY BLVD, SAN FRANCISCO, CA
37.780139;-122.485256;6146 GEARY BLVD, SAN FRANCISCO, CA
37.780138;-122.485291;6150 GEARY BLVD, SAN FRANCISCO, CA
37.779914;-122.487257;6333 GEARY BLVD, SAN FRANCISCO, CA
37.779391;-122.499751;7501 GEARY BLVD, SAN FRANCISCO, CA
37.787894;-122.403954;26 GEARY ST, SAN FRANCISCO, CA
37.78692;-122.411831;516 GEARY ST, SAN FRANCISCO, CA
37.786753;-122.413049;599 GEARY ST, SAN FRANCISCO, CA
37.786555;-122.414614;689 GEARY ST, SAN FRANCISCO, CA
37.786513;-122.415057;712 GEARY ST, SAN FRANCISCO, CA
37.786341;-122.416358;798 GEARY ST, SAN FRANCISCO, CA
37.786194;-122.417516;868 GEARY ST, SAN FRANCISCO, CA
37.786079;-122.418277;901 GEARY ST, SAN FRANCISCO, CA
37.786062;-122.418554;920 GEARY ST, SAN FRANCISCO, CA
37.787497;-122.406989;233 GEARY ST, SAN FRANCISCO, CA
37.713941;-122.43558;1231 GENEVA AVE, SAN FRANCISCO, CA
37.708452;-122.420519;2145 GENEVA AVE, SAN FRANCISCO, CA
37.70829;-122.419933;2203 GENEVA AVE, SAN FRANCISCO, CA
37.716157;-122.384458;650 GILMAN AVE, SAN FRANCISCO, CA
37.777858;-122.445341;2101 GOLDEN GATE AVE, SAN FRANCISCO, CA
37.775072;-122.422609;201 GOUGH ST, SAN FRANCISCO, CA
37.796861;-122.427014;2567 GOUGH ST, SAN FRANCISCO, CA
37.803047;-122.428275;3221 GOUGH ST, SAN FRANCISCO, CA
37.77322;-122.422224;61 GOUGH ST, SAN FRANCISCO, CA
37.754241;-122.441062;234 GRAND VIEW AVE, SAN FRANCISCO, CA
37.79649;-122.406702;1050 GRANT AVE, SAN FRANCISCO, CA
37.799158;-122.40726;1336 GRANT AVE, SAN FRANCISCO, CA
37.799792;-122.40742;1401 GRANT AVE, SAN FRANCISCO, CA
37.800239;-122.40752;1461 GRANT AVE, SAN FRANCISCO, CA
37.794651;-122.406329;838 GRANT AVE, SAN FRANCISCO, CA
37.795262;-122.40646;900 GRANT AVE, SAN FRANCISCO, CA
37.795373;-122.406483;916 GRANT AVE, SAN FRANCISCO, CA
37.797778;-122.422483;1415 GREEN ST, SAN FRANCISCO, CA
37.796819;-122.43018;1898 GREEN ST, SAN FRANCISCO, CA
37.799979;-122.427807;1701 GREENWICH ST, SAN FRANCISCO, CA
37.777605;-122.424994;500 GROVE ST, SAN FRANCISCO, CA
37.748701;-122.422567;1400 GUERRERO ST, SAN FRANCISCO, CA
37.746486;-122.422409;1546 GUERRERO ST, SAN FRANCISCO, CA
37.766504;-122.424258;298 GUERRERO ST, SAN FRANCISCO, CA
37.763262;-122.423932;499 GUERRERO ST, SAN FRANCISCO, CA
37.76167;-122.423799;599 GUERRERO ST, SAN FRANCISCO, CA
37.760145;-122.423655;698 GUERRERO ST, SAN FRANCISCO, CA
37.75989;-122.423611;701 GUERRERO ST, SAN FRANCISCO, CA
37.770389;-122.443834;1301 HAIGHT ST, SAN FRANCISCO, CA
37.770168;-122.445728;1416 HAIGHT ST, SAN FRANCISCO, CA
37.76983;-122.448259;1589 HAIGHT ST, SAN FRANCISCO, CA
37.769511;-122.450653;1699 HAIGHT ST, SAN FRANCISCO, CA
37.769466;-122.451156;1754 HAIGHT ST, SAN FRANCISCO, CA
37.769321;-122.452165;1811 HAIGHT ST, SAN FRANCISCO, CA
37.772344;-122.428597;399 HAIGHT ST, SAN FRANCISCO, CA
37.772087;-122.430617;501 HAIGHT ST, SAN FRANCISCO, CA
37.771941;-122.431781;588 HAIGHT ST, SAN FRANCISCO, CA
37.771736;-122.433427;688 HAIGHT ST, SAN FRANCISCO, CA
37.771495;-122.435202;799 HAIGHT ST, SAN FRANCISCO, CA
37.771238;-122.437212;901 HAIGHT ST, SAN FRANCISCO, CA
37.789466;-122.38867;2 HARRISON ST, SAN FRANCISCO, CA
37.778109;-122.402994;953 HARRISON ST, SAN FRANCISCO, CA
37.788036;-122.390447;201 HARRISON ST, SAN FRANCISCO, CA
37.774345;-122.442935;1600 HAYES ST, SAN FRANCISCO, CA
37.774135;-122.444592;1700 HAYES ST, SAN FRANCISCO, CA
37.773724;-122.447886;1900 HAYES ST, SAN FRANCISCO, CA
37.77338;-122.450615;2084 HAYES ST, SAN FRANCISCO, CA
37.773279;-122.451263;2111-15 HAYES ST, SAN FRANCISCO, CA
37.776819;-122.423475;424 HAYES ST, SAN FRANCISCO, CA
37.776543;-122.42557;559 HAYES ST, SAN FRANCISCO, CA
37.776556;-122.425612;560 HAYES ST, SAN FRANCISCO, CA
37.776282;-122.42773;698 HAYES ST, SAN FRANCISCO, CA
37.776009;-122.429708;801 HAYES ST, SAN FRANCISCO, CA
37.769665;-122.403977;2 HENRY ADAMS ST, SAN FRANCISCO, CA
37.721853;-122.454627;150 HOLLOWAY AVE, SAN FRANCISCO, CA
37.721811;-122.461718;845 HOLLOWAY AVE, SAN FRANCISCO, CA
37.776154;-122.411668;1201 HOWARD ST, SAN FRANCISCO, CA
37.772747;-122.416024;1530 HOWARD ST, SAN FRANCISCO, CA
37.783044;-122.402968;803-805 HOWARD ST, SAN FRANCISCO, CA
37.791371;-122.392501;98 HOWARD ST, SAN FRANCISCO, CA
37.790151;-122.417213;1000 HYDE ST, SAN FRANCISCO, CA
37.790849;-122.417379;1095 HYDE ST, SAN FRANCISCO, CA
37.794249;-122.418058;1469 HYDE ST, SAN FRANCISCO, CA
37.795503;-122.418309;1600 HYDE ST, SAN FRANCISCO, CA
37.782183;-122.415619;161 HYDE ST, SAN FRANCISCO, CA
37.797447;-122.41869;1800 HYDE ST, SAN FRANCISCO, CA
37.799054;-122.419015;1964 HYDE ST, SAN FRANCISCO, CA
37.806299;-122.420481;2765 HYDE ST, SAN FRANCISCO, CA
37.721392;-122.390975;2830 INGALLS ST, SAN FRANCISCO, CA
37.732488;-122.37658;950 INNES AVE, SAN FRANCISCO, CA
37.779161;-122.42009;SF INTL AIRPORT, N TERM, SAN FRANCISCO, CA
37.763853;-122.470716;1200 IRVING ST, SAN FRANCISCO, CA
37.763786;-122.472184;1342 IRVING ST, SAN FRANCISCO, CA
37.763541;-122.477444;1815 IRVING ST, SAN FRANCISCO, CA
37.763503;-122.478173;1899 IRVING ST, SAN FRANCISCO, CA
37.763328;-122.482715;2312 IRVING ST, SAN FRANCISCO, CA
37.763269;-122.483673;2401 IRVING ST, SAN FRANCISCO, CA
37.763263;-122.483877;2425 IRVING ST, SAN FRANCISCO, CA
37.763246;-122.484471;2495 IRVING ST, SAN FRANCISCO, CA
37.762549;-122.500252;3960 IRVING ST, SAN FRANCISCO, CA
37.764217;-122.46217;403 IRVING ST, SAN FRANCISCO, CA
37.76248;-122.50127;4055 IRVING ST, SAN FRANCISCO, CA
37.764035;-122.466682;828 IRVING ST, SAN FRANCISCO, CA
37.764004;-122.467506;900 IRVING ST, SAN FRANCISCO, CA
37.763972;-122.46793;951 IRVING ST, SAN FRANCISCO, CA
37.794968;-122.414989;1201 JACKSON ST, SAN FRANCISCO, CA
37.797002;-122.398852;145 JACKSON ST, SAN FRANCISCO, CA
37.795767;-122.408806;830 JACKSON ST, SAN FRANCISCO, CA
37.8083;-122.415036;155 JEFFERSON ST, SAN FRANCISCO, CA
37.808313;-122.415078;156 JEFFERSON ST, SAN FRANCISCO, CA
37.74474;-122.399871;2200 JERROLD AVE, SAN FRANCISCO, CA
37.782892;-122.412397;201 JONES ST, SAN FRANCISCO, CA
37.761313;-122.486237;2264 JUDAH ST, SAN FRANCISCO, CA
37.761108;-122.489973;2601 JUDAH ST, SAN FRANCISCO, CA
37.760762;-122.498518;3400 JUDAH ST, SAN FRANCISCO, CA
37.760504;-122.504186;3930 JUDAH ST, SAN FRANCISCO, CA
37.760417;-122.505823;4099 JUDAH ST, SAN FRANCISCO, CA
37.762136;-122.46628;401 JUDAH ST A, SAN FRANCISCO, CA
37.80001;-122.405829;1300 KEARNY ST, SAN FRANCISCO, CA
37.790824;-122.404031;300 KEARNY ST, SAN FRANCISCO, CA
37.793694;-122.404624;605 KEARNY ST, SAN FRANCISCO, CA
37.793806;-122.404633;612 KEARNY ST, SAN FRANCISCO, CA
37.79633;-122.405171;911 KEARNY ST, SAN FRANCISCO, CA
37.776518;-122.394055;298 KING ST, SAN FRANCISCO, CA
37.777125;-122.419644;5001 03RD ST, SAN FRANCISCO, CA
37.777125;-122.419644;521 03RD ST, SAN FRANCISCO, CA
37.777125;-122.419644;590 03RD ST, SAN FRANCISCO, CA
37.777125;-122.419644;600 03RD ST, SAN FRANCISCO, CA
37.777125;-122.419644;6275 03RD ST, SAN FRANCISCO, CA
37.777125;-122.419644;699 03RD ST, SAN FRANCISCO, CA
37.777125;-122.419644;2339 03RD ST, SAN FRANCISCO, CA
37.777125;-122.419644;2565 03RD ST, SAN FRANCISCO, CA
37.777125;-122.419644;5900 03RD ST, SAN FRANCISCO, CA
37.78707;-122.387219;PIER 41, SAN FRANCISCO, CA
37.760776;-122.505957;1388 46TH AVE, SAN FRANCISCO, CA
37.759234;-122.507991;1460 48TH AVE, SAN FRANCISCO, CA
37.777125;-122.419644;399 04TH ST, SAN FRANCISCO, CA
37.777125;-122.419644;638 04TH ST, SAN FRANCISCO, CA
37.777125;-122.419644;700 04TH ST, SAN FRANCISCO, CA
37.77332;-122.383089;PIER 50 A, SAN FRANCISCO, CA
37.777125;-122.419644;301 05TH ST, SAN FRANCISCO, CA
37.777125;-122.419644;330 05TH ST, SAN FRANCISCO, CA
37.777125;-122.419644;40 05TH ST, SAN FRANCISCO, CA
37.777125;-122.419644;1401 06TH AVE, SAN FRANCISCO, CA
37.777125;-122.419644;151 06TH ST, SAN FRANCISCO, CA
37.777125;-122.419644;201 06TH ST, SAN FRANCISCO, CA
37.777125;-122.419644;22 06TH ST, SAN FRANCISCO, CA
37.777125;-122.419644;65 06TH ST, SAN FRANCISCO, CA
37.777125;-122.419644;350 07TH AVE, SAN FRANCISCO, CA
37.777125;-122.419644;735 07TH AVE, SAN FRANCISCO, CA
37.777125;-122.419644;22 07TH ST, SAN FRANCISCO, CA
37.777125;-122.419644;615 07TH ST, SAN FRANCISCO, CA
37.777125;-122.419644;1400 08TH AVE, SAN FRANCISCO, CA
37.777125;-122.419644;156 08TH ST, SAN FRANCISCO, CA
37.777125;-122.419644;199 08TH ST, SAN FRANCISCO, CA
37.777125;-122.419644;1368 09TH AVE, SAN FRANCISCO, CA
37.777125;-122.419644;1400 09TH AVE, SAN FRANCISCO, CA
37.777125;-122.419644;229 09TH ST, SAN FRANCISCO, CA
37.777125;-122.419644;282 09TH ST, SAN FRANCISCO, CA
37.777125;-122.419644;99 09TH ST, SAN FRANCISCO, CA
37.777125;-122.419644;555 09TH ST, SAN FRANCISCO, CA
37.712076;-122.452084;2900 ALEMANY BLVD, SAN FRANCISCO, CA
37.711252;-122.467668;3931 ALEMANY BLVD, SAN FRANCISCO, CA
37.711252;-122.467668;3931 ALEMANY BLVD, SAN FRANCISCO, CA
37.735666;-122.416752;648 ANDOVER ST, SAN FRANCISCO, CA
37.778978;-122.466395;1701 ANZA ST, SAN FRANCISCO, CA
37.775811;-122.458478;782 ARGUELLO BLVD, SAN FRANCISCO, CA
37.727496;-122.404115;153 BACON ST, SAN FRANCISCO, CA
37.783984;-122.443026;1401 BAKER ST, SAN FRANCISCO, CA
37.797774;-122.445826;2901 BAKER ST, SAN FRANCISCO, CA
37.776668;-122.476005;1601 BALBOA ST, SAN FRANCISCO, CA
37.776272;-122.484962;2449 BALBOA ST, SAN FRANCISCO, CA
37.775927;-122.492467;3149 BALBOA ST, SAN FRANCISCO, CA
37.77576;-122.496571;3524 BALBOA ST, SAN FRANCISCO, CA
37.775687;-122.49771;3635 BALBOA ST, SAN FRANCISCO, CA
37.752984;-122.504626;3821 NORIEGA ST, SAN FRANCISCO, CA
37.752978;-122.504831;3845 NORIEGA ST, SAN FRANCISCO, CA
37.774417;-122.427325;497 OAK ST, SAN FRANCISCO, CA
37.773345;-122.435581;999 OAK ST, SAN FRANCISCO, CA
37.77171;-122.448564;1781 OAK ST, SAN FRANCISCO, CA
37.733403;-122.388251;1496 OAKDALE AVE, SAN FRANCISCO, CA
37.72331;-122.45335;1015 OCEAN AVE, SAN FRANCISCO, CA
37.724167;-122.457443;1400 OCEAN AVE, SAN FRANCISCO, CA
37.724368;-122.458496;1521 OCEAN AVE, SAN FRANCISCO, CA
37.724419;-122.458745;1551 OCEAN AVE, SAN FRANCISCO, CA
37.72332;-122.441221;200 OCEAN AVE, SAN FRANCISCO, CA
37.72618;-122.464641;2000 OCEAN AVE, SAN FRANCISCO, CA
37.729685;-122.468758;2337 OCEAN AVE, SAN FRANCISCO, CA
37.786139;-122.410255;333 OFARRELL ST, SAN FRANCISCO, CA
37.785992;-122.41146;405 OFARRELL ST, SAN FRANCISCO, CA
37.785821;-122.412881;498 OFARRELL ST, SAN FRANCISCO, CA
37.785623;-122.414345;593 OFARRELL ST, SAN FRANCISCO, CA
37.785372;-122.416323;701 OFARRELL ST, SAN FRANCISCO, CA
37.785016;-122.419247;888 OFARRELL ST, SAN FRANCISCO, CA
37.714213;-122.462637;295 ORIZABA AVE, SAN FRANCISCO, CA
37.79591;-122.414918;1198 PACIFIC AVE, SAN FRANCISCO, CA
37.795076;-122.421301;1590 PACIFIC AVE, SAN FRANCISCO, CA
37.79216;-122.409182;800 POWELL ST, SAN FRANCISCO, CA
37.746741;-122.418792;35 PRECITA AVE, SAN FRANCISCO, CA
37.747128;-122.41048;500 PRECITA AVE, SAN FRANCISCO, CA
37.747525;-122.409615;580 PRECITA AVE, SAN FRANCISCO, CA
37.714248;-122.469219;733 RANDOLPH ST, SAN FRANCISCO, CA
37.729393;-122.386205;1397 REVERE AVE, SAN FRANCISCO, CA
37.730725;-122.388501;1501 REVERE AVE, SAN FRANCISCO, CA
37.76414;-122.402517;450 RHODE ISLAND ST, SAN FRANCISCO, CA
37.758956;-122.402044;858 RHODE ISLAND ST, SAN FRANCISCO, CA
37.713529;-122.436592;301 ROLPH ST, SAN FRANCISCO, CA
37.713513;-122.436608;302 ROLPH ST, SAN FRANCISCO, CA
37.753241;-122.416357;1245 S VAN NESS AVE, SAN FRANCISCO, CA
37.770859;-122.417917;170 S VAN NESS AVE, SAN FRANCISCO, CA
37.763743;-122.417347;599 S VAN NESS AVE, SAN FRANCISCO, CA
37.762158;-122.417208;697 S VAN NESS AVE, SAN FRANCISCO, CA
37.757341;-122.416758;999 S VAN NESS AVE, SAN FRANCISCO, CA
37.794548;-122.397151;119 SACRAMENTO ST, SAN FRANCISCO, CA
37.788951;-122.4408;2901 SACRAMENTO ST, SAN FRANCISCO, CA
37.788229;-122.446525;3273 SACRAMENTO ST, SAN FRANCISCO, CA
37.766848;-122.405687;220 SAN BRUNO AVE, SAN FRANCISCO, CA
37.730486;-122.404814;2480 SAN BRUNO AVE, SAN FRANCISCO, CA
37.727761;-122.403672;2698 SAN BRUNO AVE, SAN FRANCISCO, CA
37.725438;-122.402705;2890 SAN BRUNO AVE, SAN FRANCISCO, CA
37.723827;-122.402025;3004 SAN BRUNO AVE, SAN FRANCISCO, CA
37.728879;-122.440147;1801 SAN JOSE AVE, SAN FRANCISCO, CA
37.726923;-122.441472;1901 SAN JOSE AVE, SAN FRANCISCO, CA
37.715946;-122.450592;2598 SAN JOSE AVE, SAN FRANCISCO, CA
37.709631;-122.457589;3080 SAN JOSE AVE, SAN FRANCISCO, CA
37.743663;-122.428887;1598 SANCHEZ ST, SAN FRANCISCO, CA
37.803378;-122.403204;1425 SANSOME ST, SAN FRANCISCO, CA
37.794637;-122.401362;475 SANSOME ST, SAN FRANCISCO, CA
37.792551;-122.400925;238 SANSOME ST, SAN FRANCISCO, CA
37.742054;-122.498305;3000 TARAVAL ST, SAN FRANCISCO, CA
37.742038;-122.498305;3001 TARAVAL ST, SAN FRANCISCO, CA
37.741898;-122.501955;3350 TARAVAL ST, SAN FRANCISCO, CA
37.741744;-122.50501;3633 TARAVAL ST, SAN FRANCISCO, CA
37.775543;-122.501038;3950 BALBOA ST, SAN FRANCISCO, CA
37.793951;-122.400128;275 BATTERY ST, SAN FRANCISCO, CA
37.805741;-122.412785;350 BAY ST, SAN FRANCISCO, CA
37.805598;-122.41376;401 BAY ST, SAN FRANCISCO, CA
37.74498;-122.404121;201 BAYSHORE BLVD, SAN FRANCISCO, CA
37.774621;-122.436021;535 SCOTT ST, SAN FRANCISCO, CA
37.731497;-122.408668;1390 SILVER AVE, SAN FRANCISCO, CA
37.731497;-122.408668;1390 SILVER AVE, SAN FRANCISCO, CA
37.732303;-122.406046;1524 SILVER AVE, SAN FRANCISCO, CA
37.73648;-122.398474;2200 SILVER AVE, SAN FRANCISCO, CA
37.728644;-122.426038;499 SILVER AVE, SAN FRANCISCO, CA
37.729008;-122.419755;790 SILVER AVE, SAN FRANCISCO, CA
37.733955;-122.490555;1515 SLOAT BLVD, SAN FRANCISCO, CA
37.735439;-122.501592;2560 SLOAT BLVD, SAN FRANCISCO, CA
37.789482;-122.390206;345 SPEAR ST , SAN FRANCISCO, CA
37.783685;-122.410854;TAYLOR ST, SAN FRANCISCO, CA
37.765148;-122.452706;1023 STANYAN ST, SAN FRANCISCO, CA
37.764376;-122.452555;1101 STANYAN ST, SAN FRANCISCO, CA
37.769377;-122.453561;690 STANYAN ST, SAN FRANCISCO, CA
37.769377;-122.453561;690 STANYAN ST, SAN FRANCISCO, CA
37.798517;-122.437475;3165 STEINER ST, SAN FRANCISCO, CA
37.795229;-122.408078;1024 STOCKTON ST, SAN FRANCISCO, CA
37.795991;-122.408244;1108 STOCKTON ST, SAN FRANCISCO, CA
37.796032;-122.408272;1117 STOCKTON ST, SAN FRANCISCO, CA
37.79678;-122.408432;1201 STOCKTON ST, SAN FRANCISCO, CA
37.797421;-122.408567;1265 STOCKTON ST, SAN FRANCISCO, CA
37.801901;-122.409451;1756 STOCKTON ST, SAN FRANCISCO, CA
37.802954;-122.409683;1877 STOCKTON ST, SAN FRANCISCO, CA
37.789086;-122.406884;345 STOCKTON ST, SAN FRANCISCO, CA
37.789705;-122.407006;423 STOCKTON ST, SAN FRANCISCO, CA
37.794172;-122.407879;903 STOCKTON ST, SAN FRANCISCO, CA
37.787069;-122.406464;150 STOCKTON ST, SAN FRANCISCO, CA
37.711838;-122.415685;1450 SUNNYDALE AVE, SAN FRANCISCO, CA
37.787335;-122.423584;1400 SUTTER ST, SAN FRANCISCO, CA
37.786915;-122.426892;1600 SUTTER ST, SAN FRANCISCO, CA
37.789865;-122.403438;175 SUTTER ST, SAN FRANCISCO, CA
37.786554;-122.429703;1790 SUTTER ST, SAN FRANCISCO, CA
37.786128;-122.432908;1981 SUTTER ST, SAN FRANCISCO, CA
37.785686;-122.436372;2199 SUTTER ST, SAN FRANCISCO, CA
37.785062;-122.441366;2498 SUTTER ST, SAN FRANCISCO, CA
37.784799;-122.443348;2601 SUTTER ST, SAN FRANCISCO, CA
37.789519;-122.406308;360 SUTTER ST, SAN FRANCISCO, CA
37.789131;-122.409264;539 SUTTER ST, SAN FRANCISCO, CA
37.788968;-122.410497;609 SUTTER ST, SAN FRANCISCO, CA
37.788958;-122.410576;615 SUTTER ST, SAN FRANCISCO, CA
37.788891;-122.411134;657 SUTTER ST, SAN FRANCISCO, CA
37.788354;-122.415467;908 SUTTER ST, SAN FRANCISCO, CA
37.788226;-122.416511;988 SUTTER ST, SAN FRANCISCO, CA
37.788491;-122.414275;845 SUTTER ST, APT 209, SAN FRANCISCO, CA
37.742985;-122.477119;1026 TARAVAL ST, SAN FRANCISCO, CA
37.742887;-122.479202;1223 TARAVAL ST, SAN FRANCISCO, CA
37.742759;-122.48232;1508 TARAVAL ST, SAN FRANCISCO, CA
37.742419;-122.489745;2201 TARAVAL ST, SAN FRANCISCO, CA
37.742429;-122.489933;2222 TARAVAL ST, SAN FRANCISCO, CA
37.743368;-122.46865;250 TARAVAL ST, SAN FRANCISCO, CA
37.712548;-122.401118;2155 BAYSHORE BLVD, SAN FRANCISCO, CA
37.712244;-122.402703;2200 BAYSHORE BLVD, SAN FRANCISCO, CA
37.711164;-122.403818;2400 BAYSHORE BLVD, SAN FRANCISCO, CA
37.743012;-122.405256;300 BAYSHORE BLVD, SAN FRANCISCO, CA
37.741867;-122.40613;355 BAYSHORE BLVD, SAN FRANCISCO, CA
37.739538;-122.406998;500 BAYSHORE BLVD, SAN FRANCISCO, CA
37.806532;-122.421444;757 BEACH ST, SAN FRANCISCO, CA
37.807075;-122.417366;500 BEACH ST SP 61, SAN FRANCISCO, CA
37.805129;-122.43289;MARINA BLVD, SAN FRANCISCO, CA
37.73351;-122.428092;145 BOSWORTH ST, SAN FRANCISCO, CA
37.784145;-122.389174;120 BRANNAN ST, SAN FRANCISCO, CA
37.781173;-122.392907;334 BRANNAN ST, SAN FRANCISCO, CA
37.713197;-122.458719;198 BROAD ST, SAN FRANCISCO, CA
37.713191;-122.455807;98 BROAD ST, SAN FRANCISCO, CA
37.79793;-122.406374;550 BROADWAY, SAN FRANCISCO, CA
37.794515;-122.425494;1837 PACIFIC AVE, SAN FRANCISCO, CA
37.793095;-122.436798;2518 PACIFIC AVENUE, SAN FRANCISCO, CA
37.772198;-122.437253;1001 PAGE ST, SAN FRANCISCO, CA
37.774009;-122.423066;144 PAGE ST, SAN FRANCISCO, CA
37.739798;-122.401006;2136 PALOU AVE, SAN FRANCISCO, CA
37.764503;-122.452401;199 PARNASSUS AVE, SAN FRANCISCO, CA
37.720673;-122.430835;644 PERSIA AVE, SAN FRANCISCO, CA
37.790461;-122.41397;1100 PINE ST, SAN FRANCISCO, CA
37.78814;-122.432078;2201 PINE ST, SAN FRANCISCO, CA
37.791252;-122.407753;723 PINE ST, SAN FRANCISCO, CA
37.780149;-122.389436;88 KING ST, SAN FRANCISCO, CA
37.760303;-122.466185;500 KIRKHAM ST, SAN FRANCISCO, CA
37.774175;-122.5101;750 LA PLAYA ST, SAN FRANCISCO, CA
37.782113;-122.427417;1201 LAGUNA ST, SAN FRANCISCO, CA
37.77664;-122.408772;81 LANGTON ST, SAN FRANCISCO, CA
37.772311;-122.509966;850 LAPLAYA ST, SAN FRANCISCO, CA
37.791604;-122.419206;1496 LARKIN ST, SAN FRANCISCO, CA
37.783003;-122.417451;570 LARKIN ST, SAN FRANCISCO, CA
37.784908;-122.417862;757 LARKIN ST, SAN FRANCISCO, CA
37.75685;-122.501875;3645 LAWTON ST, SAN FRANCISCO, CA
37.791875;-122.41586;1168 LEAVENWORTH ST, SAN FRANCISCO, CA
37.792654;-122.416038;1263 LEAVENWORTH ST, SAN FRANCISCO, CA
37.793812;-122.416253;1398 LEAVENWORTH ST, SAN FRANCISCO, CA
37.792513;-122.401871;50 LEIDESDORFF ST, SAN FRANCISCO, CA
37.712591;-122.407519;201 LELAND AVE, SAN FRANCISCO, CA
37.711718;-122.405096;65 LELAND AVE, SAN FRANCISCO, CA
37.800279;-122.432546;1897 LOMBARD ST, SAN FRANCISCO, CA
37.800205;-122.433282;1926 LOMBARD ST, SAN FRANCISCO, CA
37.798517;-122.44683;2767 LOMBARD ST, SAN FRANCISCO, CA
37.805166;-122.432422;15 MARINA BLVD, SAN FRANCISCO, CA
37.777903;-122.415834;1292 MARKET ST, SAN FRANCISCO, CA
37.774726;-122.419855;1546 MARKET ST, SAN FRANCISCO, CA
37.773302;-122.421627;1659 MARKET ST, SAN FRANCISCO, CA
37.770969;-122.424544;1859 MARKET ST, SAN FRANCISCO, CA
37.768952;-122.427247;2020 MARKET ST, SAN FRANCISCO, CA
37.767618;-122.428667;2077 MARKET ST, SAN FRANCISCO, CA
37.76455;-122.432547;2285 MARKET ST, SAN FRANCISCO, CA
37.762547;-122.435388;2416 MARKET ST, SAN FRANCISCO, CA
37.787227;-122.403986;715 MARKET ST, SAN FRANCISCO, CA
37.785998;-122.405538;776 MARKET ST, SAN FRANCISCO, CA
37.781467;-122.411294;1072 MARKET ST A, SAN FRANCISCO, CA
37.779226;-122.414075;1169 MARKET ST, SAN FRANCISCO, CA
37.80796;-122.414067;2650 MASON ST, SAN FRANCISCO, CA
37.786288;-122.409663;300 MASON ST, SAN FRANCISCO, CA
37.788392;-122.410087;530 MASON ST, SAN FRANCISCO, CA
37.79231;-122.410883;950 MASON ST, SAN FRANCISCO, CA
37.783222;-122.447219;3 MASONIC AVE, SAN FRANCISCO, CA
37.780863;-122.414342;136 MCALLISTER ST, SAN FRANCISCO, CA
37.777822;-122.438188;1598 MCALLISTER ST, SAN FRANCISCO, CA
37.777346;-122.441854;1800 MCALLISTER ST, SAN FRANCISCO, CA
37.779698;-122.423247;691 MCALLISTER ST, SAN FRANCISCO, CA
37.757765;-122.390198;1005 MINNESOTA ST, SAN FRANCISCO, CA
37.763388;-122.390753;566 MINNESOTA ST, SAN FRANCISCO, CA
37.766011;-122.419749;1939 MISSION ST, SAN FRANCISCO, CA
37.762915;-122.419478;2128 MISSION ST, SAN FRANCISCO, CA
37.761657;-122.419361;2200 MISSION ST, SAN FRANCISCO, CA
37.760776;-122.419279;2268 MISSION ST, SAN FRANCISCO, CA
37.759726;-122.419154;2327 MISSION ST, SAN FRANCISCO, CA
37.758835;-122.419053;2397 MISSION ST, SAN FRANCISCO, CA
37.757202;-122.418924;2499 MISSION ST, SAN FRANCISCO, CA
37.756381;-122.418837;2539 MISSION ST, SAN FRANCISCO, CA
37.755687;-122.418775;2592 MISSION ST, SAN FRANCISCO, CA
37.754013;-122.418606;2699 MISSION ST, SAN FRANCISCO, CA
37.750841;-122.418312;2899 MISSION ST, SAN FRANCISCO, CA
37.750393;-122.418263;2909-11 MISSION ST, SAN FRANCISCO, CA
37.748957;-122.418128;3000 MISSION ST, SAN FRANCISCO, CA
37.746447;-122.419343;3168 MISSION ST, SAN FRANCISCO, CA
37.744481;-122.420655;3278 MISSION ST, SAN FRANCISCO, CA
37.743089;-122.421553;3350 MISSION ST, SAN FRANCISCO, CA
37.742316;-122.421997;3391 MISSION ST, SAN FRANCISCO, CA
37.741388;-122.422617;3456 MISSION ST, SAN FRANCISCO, CA
37.741085;-122.422779;3499 MISSION ST, SAN FRANCISCO, CA
37.737338;-122.424034;3701 MISSION ST, SAN FRANCISCO, CA
37.73607;-122.424454;3798 MISSION ST, SAN FRANCISCO, CA
37.730233;-122.429773;4175 MISSION ST, SAN FRANCISCO, CA
37.728635;-122.4314;4304 MISSION ST, SAN FRANCISCO, CA
37.726466;-122.433477;4448 MISSION ST, SAN FRANCISCO, CA
37.726171;-122.433678;4501 MISSION ST, SAN FRANCISCO, CA
37.725242;-122.434379;4567 MISSION ST, SAN FRANCISCO, CA
37.723092;-122.435996;4701 MISSION ST, SAN FRANCISCO, CA
37.722105;-122.436762;4763 MISSION ST, SAN FRANCISCO, CA
37.719255;-122.438956;4950 MISSION ST, SAN FRANCISCO, CA
37.716913;-122.440662;5084 MISSION ST, SAN FRANCISCO, CA
37.714705;-122.442562;5298 MISSION ST, SAN FRANCISCO, CA
37.714546;-122.442734;5300 MISSION ST, SAN FRANCISCO, CA
37.712752;-122.444625;5501 MISSION ST, SAN FRANCISCO, CA
37.710608;-122.447987;5652 MISSION ST, SAN FRANCISCO, CA
37.709561;-122.450456;5799 MISSION ST, SAN FRANCISCO, CA
37.784352;-122.404481;810 MISSION ST, SAN FRANCISCO, CA
37.721663;-122.437095;4799 MISSION ST A, SAN FRANCISCO, CA
37.731552;-122.446322;499 MONTEREY BLVD, SAN FRANCISCO, CA
37.731558;-122.449024;600 MONTEREY BLVD, SAN FRANCISCO, CA
37.73154;-122.449541;625 MONTEREY BLVD, SAN FRANCISCO, CA
37.793422;-122.402786;456 MONTGOMERY ST, SAN FRANCISCO, CA
37.721054;-122.426697;298 MUNICH ST, SAN FRANCISCO, CA
37.805479;-122.422168;901 N POINT ST, SAN FRANCISCO, CA
37.71758;-122.433704;700 NAPLES ST, SAN FRANCISCO, CA
37.78722;-122.400237;114 NEW MONTGOMERY ST, SAN FRANCISCO, CA
37.787095;-122.400051;121 NEW MONTGOMERY ST, SAN FRANCISCO, CA
37.787961;-122.401081;57 NEW MONTGOMERY ST, SAN FRANCISCO, CA
37.765767;-122.43325;200 NOE ST, SAN FRANCISCO, CA
37.764624;-122.43317;276 NOE ST, SAN FRANCISCO, CA
37.753998;-122.482388;1750 NORIEGA ST, SAN FRANCISCO, CA
37.753703;-122.488811;2350 NORIEGA ST, SAN FRANCISCO, CA
37.753648;-122.489701;2431 NORIEGA ST, SAN FRANCISCO, CA
37.753648;-122.489701;2431 NORIEGA ST, SAN FRANCISCO, CA
37.753663;-122.489744;2434 NORIEGA ST, SAN FRANCISCO, CA
37.752989;-122.504455;3801 NORIEGA ST, SAN FRANCISCO, CA
37.743257;-122.471165;490 TARAVAL ST, SAN FRANCISCO, CA
37.743141;-122.473939;730 TARAVAL ST, SAN FRANCISCO, CA
37.743115;-122.474129;755 TARAVAL ST, SAN FRANCISCO, CA
37.805916;-122.415341;2552 TAYLOR ST, SAN FRANCISCO, CA
37.807625;-122.41567;2730 TAYLOR ST, SAN FRANCISCO, CA
37.808257;-122.415802;2801 TAYLOR ST, SAN FRANCISCO, CA
37.786217;-122.411369;415 TAYLOR ST, SAN FRANCISCO, CA
37.782896;-122.410712;67 TAYLOR ST, SAN FRANCISCO, CA
37.715104;-122.408372;298 TEDDY AVE, SAN FRANCISCO, CA
37.781472;-122.403895;365 TEHAMA ST, SAN FRANCISCO, CA
37.752196;-122.388737;1500 TENNESSEE ST, SAN FRANCISCO, CA
37.729228;-122.389224;1499 THOMAS AVE, SAN FRANCISCO, CA
37.77619;-122.396173;350 TOWNSEND ST, SAN FRANCISCO, CA
37.782783;-122.414225;300 TURK ST, SAN FRANCISCO, CA
37.782687;-122.414912;352 TURK ST, SAN FRANCISCO, CA
37.783298;-122.410104;62 TURK ST, SAN FRANCISCO, CA
37.799434;-122.417291;1096 UNION ST, SAN FRANCISCO, CA
37.798997;-122.420631;1298 UNION ST, SAN FRANCISCO, CA
37.797575;-122.431554;1957 UNION ST, SAN FRANCISCO, CA
37.797121;-122.435319;2198 UNION ST, SAN FRANCISCO, CA
37.797347;-122.433539;2088 UNION ST, SAN FRANCISCO, CA
37.766162;-122.406585;280 UTAH ST, SAN FRANCISCO, CA
37.756816;-122.421084;1001 VALENCIA ST, SAN FRANCISCO, CA
37.755209;-122.420967;1100 VALENCIA ST, SAN FRANCISCO, CA
37.75352;-122.4208;1200 VALENCIA ST, SAN FRANCISCO, CA
37.751931;-122.420641;1300 VALENCIA ST, SAN FRANCISCO, CA
37.772354;-122.422613;16 VALENCIA ST, SAN FRANCISCO, CA
37.769795;-122.422361;200 VALENCIA ST, SAN FRANCISCO, CA
37.768057;-122.422178;300 VALENCIA ST, SAN FRANCISCO, CA
37.766633;-122.42203;399 VALENCIA ST, SAN FRANCISCO, CA
37.765005;-122.421904;498 VALENCIA ST, SAN FRANCISCO, CA
37.764744;-122.421865;501 VALENCIA ST, SAN FRANCISCO, CA
37.760025;-122.4214;800 VALENCIA ST, SAN FRANCISCO, CA
37.758609;-122.421277;896 VALENCIA ST, SAN FRANCISCO, CA
37.787587;-122.421858;1301 VAN NESS AVE, SAN FRANCISCO, CA
37.789147;-122.422193;1455 VAN NESS AVE, SAN FRANCISCO, CA
37.792622;-122.422696;1846 VAN NESS AVE, SAN FRANCISCO, CA
37.796772;-122.423718;2301 VAN NESS AVE, SAN FRANCISCO, CA
37.798635;-122.424088;2501 VAN NESS AVE, SAN FRANCISCO, CA
37.802354;-122.424806;2901 VAN NESS AVE, SAN FRANCISCO, CA
37.781067;-122.420547;601 VAN NESS AVE, SAN FRANCISCO, CA
37.781067;-122.420547;601 VAN NESS AVE, SAN FRANCISCO, CA
37.760979;-122.40415;698 VERMONT ST, SAN FRANCISCO, CA
37.738368;-122.496972;2801 VICENTE ST, SAN FRANCISCO, CA
37.738213;-122.500616;3150 VICENTE ST, SAN FRANCISCO, CA
37.740632;-122.466033;16 W PORTAL AVE, SAN FRANCISCO, CA
37.73877;-122.46816;200 W PORTAL AVE, SAN FRANCISCO, CA
37.740523;-122.46611;25 W PORTAL AVE, SAN FRANCISCO, CA
37.740676;-122.465957;9 W PORTAL AVE, SAN FRANCISCO, CA
37.792115;-122.430264;2251 WASHINGTON ST, SAN FRANCISCO, CA
37.804248;-122.414563;79 WATER ST, SAN FRANCISCO, CA
37.782915;-122.430945;1335 WEBSTER ST, SAN FRANCISCO, CA
37.792584;-122.432892;2398 WEBSTER ST, SAN FRANCISCO, CA
37.790689;-122.412093;996 PINE ST, SAN FRANCISCO, CA
37.788188;-122.431699;2191 PINE ST, SAN FRANCISCO, CA
37.786157;-122.419779;1042 POLK ST, SAN FRANCISCO, CA
37.787839;-122.420124;1203 POLK ST, SAN FRANCISCO, CA
37.789748;-122.42051;1400 POLK ST, SAN FRANCISCO, CA
37.789732;-122.420526;1401 POLK ST, SAN FRANCISCO, CA
37.79096;-122.420768;1541 POLK ST, SAN FRANCISCO, CA
37.79196;-122.420952;1650 POLK ST, SAN FRANCISCO, CA
37.792492;-122.421059;1700 POLK ST, SAN FRANCISCO, CA
37.79512;-122.421606;2001 POLK ST, SAN FRANCISCO, CA
37.796355;-122.421837;2140 POLK ST, SAN FRANCISCO, CA
37.797215;-122.422012;2222 POLK ST, SAN FRANCISCO, CA
37.797507;-122.422087;2253 POLK ST, SAN FRANCISCO, CA
37.805206;-122.42361;3098 POLK ST, SAN FRANCISCO, CA
37.783251;-122.419198;708 POLK ST, SAN FRANCISCO, CA
37.744903;-122.452418;635 PORTOLA DR, SAN FRANCISCO, CA
37.744535;-122.453027;691 PORTOLA DR, SAN FRANCISCO, CA
37.744104;-122.453647;755 PORTOLA DR, SAN FRANCISCO, CA
37.787005;-122.41861;1012 POST ST, SAN FRANCISCO, CA
37.786295;-122.424062;1336 POST ST, SAN FRANCISCO, CA
37.785686;-122.429057;1656 POST ST, SAN FRANCISCO, CA
37.785503;-122.430298;1737 POST ST, SAN FRANCISCO, CA
37.78406;-122.441519;2401 POST ST, SAN FRANCISCO, CA
37.787861;-122.411786;600 POST ST, SAN FRANCISCO, CA
37.787701;-122.413145;693 POST ST, SAN FRANCISCO, CA
37.787622;-122.413868;726-28 POST ST, SAN FRANCISCO, CA
37.787251;-122.416679;900 POST ST, SAN FRANCISCO, CA
37.751552;-122.406192;1298 POTRERO AVE, SAN FRANCISCO, CA
37.796594;-122.410086;1301 POWELL ST, SAN FRANCISCO, CA
37.786709;-122.408072;222 POWELL ST, SAN FRANCISCO, CA
37.786708;-122.408091;225 POWELL ST, SAN FRANCISCO, CA
37.788624;-122.408483;433 POWELL ST, SAN FRANCISCO, CA
37.790908;-122.408918;660 POWELL ST, SAN FRANCISCO, CA
37.778594;-122.398169;147 WELSH ST, SAN FRANCISCO, CA
37.717346;-122.405511;400 WILDE AVE, SAN FRANCISCO, CA
37.730177;-122.399086;345 WILLIAMS AVE, SAN FRANCISCO, CA
37.726934;-122.475647;265 WINSTON DR, SAN FRANCISCO, CA
37.726934;-122.475647;265 WINSTON DR, SAN FRANCISCO, CA
37.754945;-122.398737;990 WISCONSIN ST, SAN FRANCISCO, CA
